{
  "final_accuracy": 0.10115,
  "forgetting_rate": 0.2570888888888889,
  "all_accuracies": [
    0.1094,
    0.1158,
    0.1242,
    0.1217,
    0.1449,
    0.1527,
    0.1743,
    0.1836,
    0.1729,
    0.1854,
    0.12865,
    0.1607,
    0.13875,
    0.17235,
    0.1422,
    0.1391,
    0.13555,
    0.1453,
    0.1305,
    0.15465,
    0.1074,
    0.1035,
    0.09973333333333333,
    0.09773333333333334,
    0.08353333333333333,
    0.0968,
    0.09543333333333333,
    0.0984,
    0.0903,
    0.1045,
    0.095175,
    0.114125,
    0.08655,
    0.1142,
    0.097975,
    0.09975,
    0.08885,
    0.105025,
    0.082975,
    0.0883,
    0.08084,
    0.09628,
    0.09274,
    0.08954,
    0.09634,
    0.10236,
    0.09272,
    0.09738,
    0.09282,
    0.09138,
    0.10131666666666667,
    0.09855,
    0.09948333333333333,
    0.10081666666666667,
    0.08253333333333333,
    0.0913,
    0.0835,
    0.1003,
    0.08186666666666667,
    0.09096666666666667,
    0.0718,
    0.09597142857142857,
    0.0956,
    0.10168571428571428,
    0.09267142857142857,
    0.09181428571428571,
    0.10548571428571428,
    0.08774285714285714,
    0.09751428571428572,
    0.07407142857142857,
    0.094,
    0.1257375,
    0.0879125,
    0.1058125,
    0.0970125,
    0.1044375,
    0.1020375,
    0.1034875,
    0.10115,
    0.0995375,
    0.08261111111111111,
    0.09594444444444444,
    0.07838888888888888,
    0.09735555555555556,
    0.08405555555555555,
    0.09861111111111111,
    0.09191111111111111,
    0.09906666666666666,
    0.09144444444444444,
    0.1077111111111111,
    0.08708,
    0.11455,
    0.11777,
    0.10229,
    0.10718,
    0.11168,
    0.1039,
    0.10425,
    0.11148,
    0.10115
  ],
  "all_forgetting": [
    0.1288,
    0.17705000000000004,
    0.1751,
    0.1895,
    0.21040000000000003,
    0.23404999999999995,
    0.22297142857142854,
    0.22983750000000006,
    0.2570888888888889
  ],
  "per_task_acc": [
    [
      0.1854
    ],
    [
      0.0656,
      0.24370000000000003
    ],
    [
      0.035,
      0.049,
      0.22949999999999998
    ],
    [
      0.059199999999999996,
      0.0617,
      0.028599999999999997,
      0.20370000000000005
    ],
    [
      0.0393,
      0.0243,
      0.0186,
      0.0383,
      0.33640000000000003
    ],
    [
      0.0325,
      0.0369,
      0.0334,
      0.026799999999999997,
      0.0333,
      0.38289999999999996
    ],
    [
      0.046700000000000005,
      0.0246,
      0.023300000000000005,
      0.030400000000000003,
      0.021500000000000002,
      0.04700000000000001,
      0.325
    ],
    [
      0.049999999999999996,
      0.0394,
      0.0408,
      0.066,
      0.0473,
      0.0475,
      0.08410000000000001,
      0.42119999999999996
    ],
    [
      0.030200000000000005,
      0.06600000000000002,
      0.08299999999999999,
      0.0715,
      0.055400000000000005,
      0.0618,
      0.071,
      0.0822,
      0.44830000000000003
    ],
    [
      0.0324,
      0.0503,
      0.055600000000000004,
      0.0694,
      0.034,
      0.0815,
      0.07680000000000001,
      0.0709,
      0.041800000000000004,
      0.4988
    ]
  ],
  "per_task_forget": [
    [
      0.0
    ],
    [
      0.1198,
      0.0
    ],
    [
      0.1504,
      0.19470000000000004,
      0.0
    ],
    [
      0.1262,
      0.18200000000000002,
      0.2009,
      0.0
    ],
    [
      0.1461,
      0.21940000000000004,
      0.21089999999999998,
      0.16540000000000005,
      0.0
    ],
    [
      0.1529,
      0.20680000000000004,
      0.1961,
      0.17690000000000006,
      0.30310000000000004,
      0.0
    ],
    [
      0.1387,
      0.21910000000000002,
      0.20619999999999997,
      0.17330000000000004,
      0.3149,
      0.3359,
      0.0
    ],
    [
      0.13540000000000002,
      0.20430000000000004,
      0.18869999999999998,
      0.13770000000000004,
      0.2891,
      0.3354,
      0.2409,
      0.0
    ],
    [
      0.1552,
      0.17770000000000002,
      0.1465,
      0.13220000000000004,
      0.281,
      0.32109999999999994,
      0.254,
      0.33899999999999997,
      0.0
    ],
    [
      0.15300000000000002,
      0.19340000000000002,
      0.17389999999999997,
      0.13430000000000003,
      0.3024,
      0.30139999999999995,
      0.2482,
      0.35029999999999994,
      0.40650000000000003,
      0.0
    ]
  ],
  "emergence_results": null
}