{
  "final_accuracy": 0.32576822916666665,
  "forgetting_rate": 0.6703281249999999,
  "all_accuracies": [
    0.3125,
    0.699140625,
    0.500078125,
    0.677265625,
    0.486875,
    0.691484375,
    0.6678125,
    0.79828125,
    0.78015625,
    0.857421875,
    0.50828125,
    0.5634375,
    0.511875,
    0.5339453125,
    0.4800390625,
    0.544921875,
    0.5516015625,
    0.5847265625,
    0.58921875,
    0.606640625,
    0.13557291666666665,
    0.35684895833333335,
    0.2830989583333333,
    0.5209895833333333,
    0.3818489583333333,
    0.56453125,
    0.40143229166666666,
    0.56875,
    0.38635416666666667,
    0.5713541666666667,
    0.233125,
    0.4769140625,
    0.26166015625,
    0.51455078125,
    0.2815234375,
    0.50814453125,
    0.265390625,
    0.488125,
    0.28404296875,
    0.47880859375,
    0.380828125,
    0.382953125,
    0.37375,
    0.376640625,
    0.371203125,
    0.391953125,
    0.381515625,
    0.4015625,
    0.367875,
    0.3901875,
    0.0648828125,
    0.25006510416666666,
    0.20158854166666668,
    0.2958203125,
    0.2559375,
    0.3180859375,
    0.260390625,
    0.3208723958333333,
    0.272265625,
    0.32576822916666665
  ],
  "all_forgetting": [
    0.502890625,
    0.4156250000000001,
    0.529765625,
    0.5875390625,
    0.6703281249999999
  ],
  "per_task_acc": [
    [
      0.8574218749999999
    ],
    [
      0.41507812499999996,
      0.7982031249999999
    ],
    [
      0.27609374999999997,
      0.6645312500000001,
      0.7734374999999999
    ],
    [
      0.13632812500000002,
      0.298671875,
      0.63203125,
      0.848203125
    ],
    [
      0.011875,
      0.095078125,
      0.45000000000000007,
      0.6507031249999999,
      0.74328125
    ],
    [
      0.046171874999999994,
      0.15531250000000002,
      0.280703125,
      0.221640625,
      0.320625,
      0.93015625
    ]
  ],
  "per_task_forget": [
    [
      0.0
    ],
    [
      0.4423437499999999,
      0.0
    ],
    [
      0.581328125,
      0.13367187499999977,
      0.0
    ],
    [
      0.7210937499999999,
      0.4995312499999999,
      0.14140624999999984,
      0.0
    ],
    [
      0.8455468749999999,
      0.7031249999999999,
      0.3234374999999998,
      0.1975,
      0.0
    ],
    [
      0.8112499999999999,
      0.6428906249999999,
      0.4927343749999999,
      0.6265624999999999,
      0.42265625,
      0.0
    ]
  ],
  "emergence_results": null
}