{
  "final_accuracy": 0.32576822916666665,
  "forgetting_rate": 0.6703281249999999,
  "all_accuracies": [
    0.3125,
    0.699140625,
    0.500078125,
    0.677265625,
    0.486875,
    0.691484375,
    0.6678125,
    0.79828125,
    0.78015625,
    0.857421875,
    0.50828125,
    0.5634375,
    0.511875,
    0.5339453125,
    0.4800390625,
    0.544921875,
    0.5516015625,
    0.5847265625,
    0.58921875,
    0.606640625,
    0.13557291666666665,
    0.35684895833333335,
    0.2830989583333333,
    0.5209895833333333,
    0.3818489583333333,
    0.56453125,
    0.40143229166666666,
    0.56875,
    0.38635416666666667,
    0.5713541666666667,
    0.233125,
    0.4769140625,
    0.26166015625,
    0.51455078125,
    0.2815234375,
    0.50814453125,
    0.265390625,
    0.488125,
    0.28404296875,
    0.47880859375,
    0.380828125,
    0.382953125,
    0.37375,
    0.376640625,
    0.371203125,
    0.391953125,
    0.381515625,
    0.4015625,
    0.367875,
    0.3901875,
    0.0648828125,
    0.25006510416666666,
    0.20158854166666668,
    0.2958203125,
    0.2559375,
    0.3180859375,
    0.260390625,
    0.3208723958333333,
    0.272265625,
    0.32576822916666665
  ],
  "all_forgetting": [
    0.502890625,
    0.4156250000000001,
    0.529765625,
    0.5875390625,
    0.6703281249999999
  ],
  "per_task_acc": [
    [
      0.8574218749999999
    ],
    [
      0.41507812499999996,
      0.7982031249999999
    ],
    [
      0.27609374999999997,
      0.6645312500000001,
      0.7734374999999999
    ],
    [
      0.13632812500000002,
      0.298671875,
      0.63203125,
      0.848203125
    ],
    [
      0.011875,
      0.095078125,
      0.45000000000000007,
      0.6507031249999999,
      0.74328125
    ],
    [
      0.046171874999999994,
      0.15531250000000002,
      0.280703125,
      0.221640625,
      0.320625,
      0.93015625
    ]
  ],
  "per_task_forget": [
    [
      0.0
    ],
    [
      0.4423437499999999,
      0.0
    ],
    [
      0.581328125,
      0.13367187499999977,
      0.0
    ],
    [
      0.7210937499999999,
      0.4995312499999999,
      0.14140624999999984,
      0.0
    ],
    [
      0.8455468749999999,
      0.7031249999999999,
      0.3234374999999998,
      0.1975,
      0.0
    ],
    [
      0.8112499999999999,
      0.6428906249999999,
      0.4927343749999999,
      0.6265624999999999,
      0.42265625,
      0.0
    ]
  ],
  "per_client_diag_acc": {
    "0": [
      0.97,
      0.66625,
      0.96375,
      0.814375,
      0.886875,
      0.855
    ],
    "1": [
      0.98875,
      0.45875,
      0.695625,
      0.756875,
      0.605,
      0.9375
    ],
    "2": [
      0.965,
      0.980625,
      0.69875,
      0.9025,
      0.311875,
      0.93125
    ],
    "3": [
      0.55,
      0.945,
      0.935625,
      0.78625,
      0.968125,
      0.96625
    ],
    "4": [
      0.72375,
      0.59,
      0.780625,
      0.9025,
      0.771875,
      0.93125
    ],
    "5": [
      0.97,
      0.943125,
      0.744375,
      0.96375,
      0.9025,
      0.9225
    ],
    "6": [
      0.97,
      0.986875,
      0.98375,
      0.866875,
      0.97375,
      0.96625
    ],
    "7": [
      0.721875,
      0.815,
      0.385,
      0.7925,
      0.52625,
      0.93125
    ]
  },
  "per_client_final_acc": {
    "0": [
      0.000625,
      0.090625,
      0.00375,
      0.03125,
      0.241875,
      0.855
    ],
    "1": [
      0.090625,
      0.0275,
      0.600625,
      0.24,
      0.500625,
      0.9375
    ],
    "2": [
      0.09125,
      0.395625,
      0.473125,
      0.335,
      0.89375,
      0.93125
    ],
    "3": [
      0.000625,
      0.00375,
      0.241875,
      0.600625,
      0.198125,
      0.96625
    ],
    "4": [
      0.094375,
      0.144375,
      0.1075,
      0.335,
      0.00375,
      0.93125
    ],
    "5": [
      0.000625,
      0.090625,
      0.466875,
      0.2075,
      0.04375,
      0.9225
    ],
    "6": [
      0.000625,
      0.094375,
      0.144375,
      0.021875,
      0.13875,
      0.96625
    ],
    "7": [
      0.090625,
      0.395625,
      0.2075,
      0.001875,
      0.544375,
      0.93125
    ]
  },
  "emergence_results": null
}