{
  "final_accuracy": 0.8727604166666667,
  "forgetting_rate": 0.112359375,
  "all_accuracies": [
    0.908359375,
    0.938125,
    0.96296875,
    0.96984375,
    0.9740625,
    0.981328125,
    0.980703125,
    0.9790625,
    0.983515625,
    0.9834375,
    0.942109375,
    0.947890625,
    0.96546875,
    0.9634375,
    0.9664453125,
    0.965546875,
    0.966640625,
    0.9662890625,
    0.966640625,
    0.966796875,
    0.9233333333333333,
    0.942890625,
    0.9300260416666667,
    0.9406510416666667,
    0.939921875,
    0.9450520833333333,
    0.9470833333333334,
    0.9477604166666667,
    0.9474739583333334,
    0.9468229166666666,
    0.90228515625,
    0.921484375,
    0.91939453125,
    0.91951171875,
    0.91939453125,
    0.91919921875,
    0.92427734375,
    0.9229296875,
    0.92189453125,
    0.9211328125,
    0.907609375,
    0.9115,
    0.906890625,
    0.906859375,
    0.905953125,
    0.904765625,
    0.91059375,
    0.911375,
    0.9114375,
    0.910390625,
    0.8721744791666667,
    0.873671875,
    0.8716927083333333,
    0.8715364583333334,
    0.872265625,
    0.8806901041666667,
    0.8768098958333334,
    0.8781640625,
    0.8761588541666666,
    0.8727604166666667
  ],
  "all_forgetting": [
    0.02242187499999998,
    0.03984374999999999,
    0.06427083333333333,
    0.07326171875,
    0.112359375
  ],
  "per_task_acc": [
    [
      0.9834375
    ],
    [
      0.961171875,
      0.972421875
    ],
    [
      0.9356250000000002,
      0.940703125,
      0.9641406250000001
    ],
    [
      0.920859375,
      0.8924218750000001,
      0.9140625000000001,
      0.9571875
    ],
    [
      0.899609375,
      0.9024218749999999,
      0.894375,
      0.8878906249999999,
      0.96765625
    ],
    [
      0.8136718749999999,
      0.8460937500000001,
      0.8590625000000001,
      0.865703125,
      0.8986718750000001,
      0.953359375
    ]
  ],
  "per_task_forget": [
    [
      0.0
    ],
    [
      0.022265624999999956,
      0.0
    ],
    [
      0.047812499999999813,
      0.03171875000000002,
      0.0
    ],
    [
      0.06257812499999993,
      0.07999999999999985,
      0.05007812499999997,
      0.0
    ],
    [
      0.08382812499999992,
      0.07000000000000006,
      0.06976562500000005,
      0.06929687500000004,
      0.0
    ],
    [
      0.16976562500000003,
      0.1263281249999999,
      0.10507812500000002,
      0.09148437499999995,
      0.06898437499999988,
      0.0
    ]
  ],
  "emergence_results": null
}