{
  "final_accuracy": 0.3169140625,
  "forgetting_rate": 0.674828125,
  "all_accuracies": [
    0.3125,
    0.70578125,
    0.52328125,
    0.6890625,
    0.4828125,
    0.699296875,
    0.6209375,
    0.771796875,
    0.749140625,
    0.813671875,
    0.4965234375,
    0.57296875,
    0.4874609375,
    0.5237109375,
    0.4351171875,
    0.5090234375,
    0.5219921875,
    0.5628125,
    0.5641796875,
    0.579921875,
    0.13138020833333333,
    0.29028645833333333,
    0.21841145833333334,
    0.481015625,
    0.24760416666666665,
    0.5165885416666667,
    0.30080729166666664,
    0.5271614583333334,
    0.31635416666666666,
    0.5227604166666666,
    0.24115234375,
    0.43673828125,
    0.26626953125,
    0.46978515625,
    0.24294921875,
    0.43978515625,
    0.20189453125,
    0.4188671875,
    0.2409765625,
    0.41478515625,
    0.3643125,
    0.397515625,
    0.400796875,
    0.359125,
    0.3256875,
    0.343046875,
    0.28228125,
    0.35409375,
    0.29375,
    0.37271875,
    0.07040364583333333,
    0.2706380208333333,
    0.20880208333333333,
    0.3066536458333333,
    0.2528385416666667,
    0.3180208333333333,
    0.2366015625,
    0.315625,
    0.23893229166666666,
    0.3169140625
  ],
  "all_forgetting": [
    0.526171875,
    0.4719921875000001,
    0.6021093750000002,
    0.59943359375,
    0.674828125
  ],
  "per_task_acc": [
    [
      0.8136718749999999
    ],
    [
      0.383671875,
      0.776171875
    ],
    [
      0.20351562499999998,
      0.6002343749999999,
      0.7645312500000001
    ],
    [
      0.044765625,
      0.200234375,
      0.588671875,
      0.82546875
    ],
    [
      0.00828125,
      0.08374999999999999,
      0.41140625,
      0.62875,
      0.73140625
    ],
    [
      0.024453125,
      0.133359375,
      0.2815625,
      0.20953125,
      0.3184375,
      0.9341406250000001
    ]
  ],
  "per_task_forget": [
    [
      0.0
    ],
    [
      0.42999999999999994,
      0.0
    ],
    [
      0.61015625,
      0.17593750000000008,
      0.0
    ],
    [
      0.7689062499999999,
      0.5759375,
      0.17585937500000015,
      0.0
    ],
    [
      0.8053906249999999,
      0.692421875,
      0.35312500000000013,
      0.19671874999999994,
      0.0
    ],
    [
      0.78921875,
      0.6428125,
      0.4829687500000001,
      0.6159375,
      0.41296875000000005,
      0.0
    ]
  ],
  "per_client_diag_acc": {
    "0": [
      0.97,
      0.575,
      0.956875,
      0.81,
      0.8925,
      0.87125
    ],
    "1": [
      0.99125,
      0.455625,
      0.65375,
      0.73875,
      0.6325,
      0.92
    ],
    "2": [
      0.965,
      0.975,
      0.703125,
      0.9025,
      0.319375,
      0.94125
    ],
    "3": [
      0.485625,
      0.943125,
      0.919375,
      0.8025,
      0.969375,
      0.96375
    ],
    "4": [
      0.546875,
      0.541875,
      0.778125,
      0.9025,
      0.759375,
      0.94125
    ],
    "5": [
      0.97,
      0.943125,
      0.745,
      0.970625,
      0.88375,
      0.930625
    ],
    "6": [
      0.97,
      0.98375,
      0.983125,
      0.783125,
      0.968125,
      0.96375
    ],
    "7": [
      0.610625,
      0.791875,
      0.376875,
      0.69375,
      0.42625,
      0.94125
    ]
  },
  "per_client_final_acc": {
    "0": [
      0.000625,
      0.0475,
      0.0025,
      0.004375,
      0.270625,
      0.87125
    ],
    "1": [
      0.0475,
      0.00375,
      0.610625,
      0.275625,
      0.466875,
      0.92
    ],
    "2": [
      0.048125,
      0.408125,
      0.46625,
      0.309375,
      0.886875,
      0.94125
    ],
    "3": [
      0.000625,
      0.0025,
      0.270625,
      0.610625,
      0.165625,
      0.96375
    ],
    "4": [
      0.05,
      0.10125,
      0.17,
      0.309375,
      0.00125,
      0.94125
    ],
    "5": [
      0.000625,
      0.0475,
      0.46625,
      0.165,
      0.11125,
      0.930625
    ],
    "6": [
      0.000625,
      0.05,
      0.10125,
      0.000625,
      0.145,
      0.96375
    ],
    "7": [
      0.0475,
      0.40625,
      0.165,
      0.00125,
      0.5,
      0.94125
    ]
  },
  "emergence_results": null
}