{
  "final_accuracy": 0.13302,
  "forgetting_rate": 0.1320555555555556,
  "all_accuracies": [
    0.1145,
    0.1234,
    0.121,
    0.1121,
    0.1269,
    0.1275,
    0.1224,
    0.1011,
    0.1126,
    0.1125,
    0.07265,
    0.11395,
    0.09055,
    0.12905,
    0.07955,
    0.1316,
    0.10705,
    0.1219,
    0.09315,
    0.1154,
    0.042833333333333334,
    0.0947,
    0.058,
    0.09126666666666666,
    0.06786666666666667,
    0.08406666666666666,
    0.07123333333333333,
    0.08136666666666667,
    0.07226666666666667,
    0.0802,
    0.05675,
    0.0878,
    0.073475,
    0.106,
    0.083275,
    0.07705,
    0.080575,
    0.07345,
    0.0783,
    0.07895,
    0.058,
    0.0845,
    0.07724,
    0.07964,
    0.08074,
    0.07912,
    0.08522,
    0.07422,
    0.08028,
    0.08164,
    0.05148333333333333,
    0.12441666666666666,
    0.0738,
    0.11823333333333333,
    0.07971666666666667,
    0.09736666666666667,
    0.07878333333333333,
    0.10563333333333333,
    0.0762,
    0.10286666666666666,
    0.05317142857142857,
    0.1166,
    0.06407142857142857,
    0.12921428571428573,
    0.0581,
    0.11524285714285715,
    0.060257142857142856,
    0.11591428571428572,
    0.058185714285714285,
    0.12265714285714285,
    0.08285,
    0.1126375,
    0.107975,
    0.1192625,
    0.104375,
    0.121025,
    0.0899125,
    0.1204625,
    0.0898625,
    0.1096,
    0.0405,
    0.10896666666666667,
    0.06775555555555555,
    0.12118888888888889,
    0.06496666666666667,
    0.11253333333333333,
    0.06401111111111112,
    0.09002222222222223,
    0.0603,
    0.08374444444444444,
    0.04803,
    0.14742,
    0.09018,
    0.16033,
    0.08795,
    0.13345,
    0.08694,
    0.13478,
    0.08033,
    0.13302
  ],
  "all_forgetting": [
    0.055299999999999995,
    0.1125,
    0.11253333333333335,
    0.12505,
    0.11888,
    0.11768333333333332,
    0.14474285714285712,
    0.17063749999999994,
    0.1320555555555556
  ],
  "per_task_acc": [
    [
      0.1125
    ],
    [
      0.0764,
      0.1544
    ],
    [
      0.0308,
      0.0376,
      0.17220000000000002
    ],
    [
      0.028000000000000004,
      0.0487,
      0.0516,
      0.1875
    ],
    [
      0.028200000000000003,
      0.0551,
      0.023100000000000002,
      0.06500000000000002,
      0.23680000000000004
    ],
    [
      0.0802,
      0.07510000000000001,
      0.0643,
      0.05890000000000001,
      0.07039999999999999,
      0.2683
    ],
    [
      0.12430000000000004,
      0.0868,
      0.056900000000000006,
      0.0663,
      0.11910000000000001,
      0.10389999999999999,
      0.3013
    ],
    [
      0.0692,
      0.0863,
      0.0627,
      0.0683,
      0.09290000000000001,
      0.12529999999999997,
      0.10789999999999997,
      0.26420000000000005
    ],
    [
      0.035199999999999995,
      0.06060000000000001,
      0.0877,
      0.0455,
      0.0881,
      0.08080000000000001,
      0.07410000000000001,
      0.0727,
      0.20900000000000002
    ],
    [
      0.07650000000000001,
      0.12020000000000002,
      0.1034,
      0.12969999999999998,
      0.0915,
      0.07869999999999999,
      0.1357,
      0.1109,
      0.14750000000000002,
      0.3361
    ]
  ],
  "per_task_forget": [
    [
      0.0
    ],
    [
      0.03610000000000001,
      0.0
    ],
    [
      0.0817,
      0.11680000000000001,
      0.0
    ],
    [
      0.08449999999999999,
      0.10570000000000002,
      0.12060000000000001,
      0.0
    ],
    [
      0.0843,
      0.0993,
      0.1491,
      0.12249999999999998,
      0.0
    ],
    [
      0.03230000000000001,
      0.0793,
      0.10790000000000002,
      0.1286,
      0.16640000000000005,
      0.0
    ],
    [
      0.0,
      0.06760000000000001,
      0.11530000000000001,
      0.1212,
      0.11770000000000003,
      0.1644,
      0.0
    ],
    [
      0.05510000000000004,
      0.06810000000000001,
      0.10950000000000001,
      0.1192,
      0.14390000000000003,
      0.14300000000000002,
      0.19340000000000004,
      0.0
    ],
    [
      0.08910000000000004,
      0.0938,
      0.08450000000000002,
      0.14200000000000002,
      0.14870000000000005,
      0.18749999999999997,
      0.2272,
      0.19150000000000006,
      0.0
    ],
    [
      0.04780000000000002,
      0.034199999999999994,
      0.06880000000000001,
      0.05780000000000002,
      0.14530000000000004,
      0.1896,
      0.16560000000000002,
      0.15330000000000005,
      0.0615,
      0.0
    ]
  ],
  "emergence_results": null
}