{
  "final_accuracy": 0.23631,
  "forgetting_rate": 0.4429000000000001,
  "all_accuracies": [
    0.2207,
    0.2445,
    0.2802,
    0.3147,
    0.3446,
    0.368,
    0.3938,
    0.4539,
    0.4727,
    0.5084,
    0.37405,
    0.32275,
    0.3296,
    0.33745,
    0.32365,
    0.3233,
    0.36125,
    0.34595,
    0.3656,
    0.34945,
    0.3318333333333333,
    0.3043666666666667,
    0.31153333333333333,
    0.29663333333333336,
    0.29206666666666664,
    0.29033333333333333,
    0.2825666666666667,
    0.2811,
    0.2777,
    0.27803333333333335,
    0.270475,
    0.23985,
    0.2439,
    0.2261,
    0.237975,
    0.218375,
    0.2338,
    0.21805,
    0.239325,
    0.22295,
    0.21746,
    0.2077,
    0.19974,
    0.1977,
    0.19638,
    0.20104,
    0.19426,
    0.21544,
    0.18868,
    0.23266,
    0.22961666666666666,
    0.21415,
    0.23195,
    0.21538333333333334,
    0.20808333333333334,
    0.242,
    0.2218,
    0.22893333333333332,
    0.23805,
    0.23381666666666667,
    0.18034285714285714,
    0.19032857142857143,
    0.19734285714285715,
    0.19302857142857144,
    0.19174285714285713,
    0.1999142857142857,
    0.19547142857142857,
    0.20595714285714287,
    0.1813142857142857,
    0.17925714285714286,
    0.1837,
    0.2015125,
    0.213925,
    0.2110375,
    0.2150625,
    0.1930875,
    0.20435,
    0.2072,
    0.209425,
    0.192825,
    0.20352222222222222,
    0.20296666666666666,
    0.21237777777777778,
    0.2111888888888889,
    0.21272222222222223,
    0.19707777777777777,
    0.20228888888888888,
    0.2011111111111111,
    0.21847777777777777,
    0.22242222222222222,
    0.19527,
    0.22932,
    0.21839,
    0.24303,
    0.22152,
    0.22445,
    0.2249,
    0.23554,
    0.21033,
    0.23631
  ],
  "all_forgetting": [
    0.3725,
    0.4085500000000001,
    0.4578333333333334,
    0.44117500000000015,
    0.44082,
    0.49756666666666655,
    0.47902857142857147,
    0.44826249999999995,
    0.4429000000000001
  ],
  "per_task_acc": [
    [
      0.5084
    ],
    [
      0.13590000000000002,
      0.563
    ],
    [
      0.1121,
      0.14220000000000002,
      0.5797999999999999
    ],
    [
      0.0843,
      0.11779999999999999,
      0.0756,
      0.6140999999999999
    ],
    [
      0.11990000000000003,
      0.1373,
      0.1233,
      0.12010000000000001,
      0.6627
    ],
    [
      0.1712,
      0.1572,
      0.11850000000000001,
      0.1376,
      0.1394,
      0.6789999999999999
    ],
    [
      0.1386,
      0.1232,
      0.07970000000000002,
      0.08450000000000003,
      0.09590000000000001,
      0.09969999999999998,
      0.6332
    ],
    [
      0.13610000000000003,
      0.1224,
      0.1139,
      0.13320000000000004,
      0.1179,
      0.134,
      0.12949999999999998,
      0.6556000000000001
    ],
    [
      0.20259999999999997,
      0.1878,
      0.1638,
      0.1583,
      0.13930000000000003,
      0.15119999999999997,
      0.1269,
      0.17980000000000002,
      0.6921
    ],
    [
      0.1947,
      0.16639999999999996,
      0.17679999999999998,
      0.20329999999999998,
      0.1647,
      0.1571,
      0.16140000000000002,
      0.1715,
      0.20590000000000003,
      0.7613
    ]
  ],
  "per_task_forget": [
    [
      0.0
    ],
    [
      0.37249999999999994,
      0.0
    ],
    [
      0.3963,
      0.42079999999999995,
      0.0
    ],
    [
      0.4241,
      0.44519999999999993,
      0.5041999999999999,
      0.0
    ],
    [
      0.38849999999999996,
      0.42569999999999997,
      0.45649999999999985,
      0.4939999999999999,
      0.0
    ],
    [
      0.33719999999999994,
      0.40579999999999994,
      0.4612999999999999,
      0.47649999999999987,
      0.5233,
      0.0
    ],
    [
      0.36979999999999996,
      0.43979999999999997,
      0.5000999999999999,
      0.5295999999999998,
      0.5668,
      0.5792999999999999,
      0.0
    ],
    [
      0.37229999999999996,
      0.44059999999999994,
      0.46589999999999987,
      0.4808999999999998,
      0.5448,
      0.5449999999999999,
      0.5037,
      0.0
    ],
    [
      0.30579999999999996,
      0.3752,
      0.41599999999999987,
      0.45579999999999987,
      0.5233999999999999,
      0.5277999999999999,
      0.5063,
      0.47580000000000006,
      0.0
    ],
    [
      0.3137,
      0.39659999999999995,
      0.4029999999999999,
      0.4107999999999999,
      0.49799999999999994,
      0.5218999999999999,
      0.4718,
      0.4841000000000001,
      0.4862,
      0.0
    ]
  ],
  "emergence_results": null
}