{
  "final_accuracy": 0.8814973958333333,
  "forgetting_rate": 0.09624999999999997,
  "all_accuracies": [
    0.948515625,
    0.96,
    0.97109375,
    0.97546875,
    0.97890625,
    0.980625,
    0.982890625,
    0.983125,
    0.9846875,
    0.98640625,
    0.9521484375,
    0.961171875,
    0.962578125,
    0.9619921875,
    0.963515625,
    0.9628515625,
    0.9652734375,
    0.9633984375,
    0.9655078125,
    0.96359375,
    0.941953125,
    0.9465364583333333,
    0.9483072916666667,
    0.9489583333333333,
    0.9483072916666667,
    0.9485677083333334,
    0.9478125,
    0.950703125,
    0.9477864583333333,
    0.9485677083333334,
    0.92201171875,
    0.9259765625,
    0.92666015625,
    0.92732421875,
    0.924296875,
    0.92515625,
    0.92283203125,
    0.92146484375,
    0.92482421875,
    0.92353515625,
    0.9138125,
    0.915890625,
    0.917125,
    0.917890625,
    0.916875,
    0.915640625,
    0.91659375,
    0.9155,
    0.917,
    0.916296875,
    0.8829817708333333,
    0.8844401041666666,
    0.8845182291666667,
    0.8842838541666667,
    0.8796744791666666,
    0.8833723958333334,
    0.8807291666666667,
    0.8815364583333334,
    0.8821484375,
    0.8814973958333333
  ],
  "all_forgetting": [
    0.028281249999999994,
    0.033281250000000005,
    0.05721354166666668,
    0.06056640624999999,
    0.09624999999999997
  ],
  "per_task_acc": [
    [
      0.9864062499999999
    ],
    [
      0.9581250000000001,
      0.9690625
    ],
    [
      0.9459375,
      0.9430468750000001,
      0.9567187500000001
    ],
    [
      0.9303906249999999,
      0.903671875,
      0.9065624999999999,
      0.953515625
    ],
    [
      0.9128124999999998,
      0.90796875,
      0.901640625,
      0.9010937499999999,
      0.95796875
    ],
    [
      0.838359375,
      0.853984375,
      0.8798437500000001,
      0.86984375,
      0.9004687499999999,
      0.9464843749999999
    ]
  ],
  "per_task_forget": [
    [
      0.0
    ],
    [
      0.028281249999999813,
      0.0
    ],
    [
      0.04046874999999994,
      0.026015624999999987,
      0.0
    ],
    [
      0.05601562500000001,
      0.06539062500000004,
      0.050156250000000124,
      0.0
    ],
    [
      0.07359375000000012,
      0.06109375000000006,
      0.05507812500000009,
      0.05242187500000006,
      0.0
    ],
    [
      0.1480468749999999,
      0.11507812500000003,
      0.07687499999999992,
      0.08367187499999995,
      0.05750000000000011,
      0.0
    ]
  ],
  "emergence_results": null
}