{
  "final_accuracy": 0.26641,
  "forgetting_rate": 0.14737777777777783,
  "all_accuracies": [
    0.1459,
    0.1581,
    0.1696,
    0.1762,
    0.1961,
    0.2097,
    0.2088,
    0.2248,
    0.21,
    0.2328,
    0.1973,
    0.2201,
    0.23035,
    0.2177,
    0.22705,
    0.23395,
    0.24,
    0.2323,
    0.2053,
    0.2144,
    0.16206666666666666,
    0.18953333333333333,
    0.1961,
    0.19606666666666667,
    0.20173333333333332,
    0.17173333333333332,
    0.20103333333333334,
    0.1735,
    0.19326666666666667,
    0.20443333333333333,
    0.1891,
    0.20965,
    0.18615,
    0.20465,
    0.18905,
    0.203,
    0.200925,
    0.189575,
    0.186025,
    0.208025,
    0.19796,
    0.18586,
    0.17442,
    0.20744,
    0.20558,
    0.20828,
    0.16682,
    0.19676,
    0.21304,
    0.20236,
    0.21365,
    0.19553333333333334,
    0.20656666666666668,
    0.22478333333333333,
    0.21618333333333334,
    0.23116666666666666,
    0.21636666666666668,
    0.24246666666666666,
    0.205,
    0.2306,
    0.22744285714285714,
    0.21997142857142857,
    0.2313,
    0.20814285714285713,
    0.22104285714285715,
    0.21657142857142858,
    0.24098571428571428,
    0.20755714285714286,
    0.2196,
    0.23174285714285714,
    0.1947875,
    0.2294125,
    0.2417,
    0.23445,
    0.2550625,
    0.239675,
    0.240625,
    0.2491125,
    0.2458375,
    0.2487625,
    0.22997777777777778,
    0.25326666666666664,
    0.24515555555555554,
    0.22925555555555555,
    0.2396222222222222,
    0.2601888888888889,
    0.2506111111111111,
    0.22256666666666666,
    0.2508444444444444,
    0.23487777777777777,
    0.22683,
    0.26249,
    0.26939,
    0.26823,
    0.26137,
    0.2711,
    0.28112,
    0.26598,
    0.25703,
    0.26641
  ],
  "all_forgetting": [
    0.1285,
    0.14345000000000002,
    0.14396666666666663,
    0.16415000000000002,
    0.14031999999999997,
    0.14126666666666662,
    0.13592857142857143,
    0.164325,
    0.14737777777777783
  ],
  "per_task_acc": [
    [
      0.23279999999999995
    ],
    [
      0.1102,
      0.3186
    ],
    [
      0.128,
      0.157,
      0.3282999999999999
    ],
    [
      0.175,
      0.18219999999999997,
      0.13040000000000002,
      0.34450000000000003
    ],
    [
      0.1771,
      0.18779999999999997,
      0.11259999999999999,
      0.1392,
      0.39509999999999995
    ],
    [
      0.2084,
      0.23620000000000002,
      0.189,
      0.18740000000000004,
      0.1904,
      0.3722
    ],
    [
      0.25179999999999997,
      0.23349999999999999,
      0.1605,
      0.1889,
      0.2072,
      0.2363,
      0.344
    ],
    [
      0.2479,
      0.2133,
      0.22719999999999999,
      0.2279,
      0.191,
      0.24210000000000004,
      0.2112,
      0.4295000000000001
    ],
    [
      0.18649999999999997,
      0.25160000000000005,
      0.20600000000000004,
      0.21110000000000007,
      0.1931,
      0.1961,
      0.2271,
      0.20139999999999997,
      0.441
    ],
    [
      0.22349999999999998,
      0.2124,
      0.2371,
      0.2714,
      0.2384,
      0.2303,
      0.2373,
      0.2595,
      0.2709,
      0.4833000000000001
    ]
  ],
  "per_task_forget": [
    [
      0.0
    ],
    [
      0.12259999999999995,
      0.0
    ],
    [
      0.10479999999999995,
      0.1616,
      0.0
    ],
    [
      0.05779999999999996,
      0.13640000000000002,
      0.1978999999999999,
      0.0
    ],
    [
      0.055699999999999944,
      0.13080000000000003,
      0.21569999999999995,
      0.20530000000000004,
      0.0
    ],
    [
      0.02439999999999995,
      0.08239999999999997,
      0.13929999999999992,
      0.1571,
      0.20469999999999994,
      0.0
    ],
    [
      0.0,
      0.08510000000000001,
      0.16779999999999992,
      0.15560000000000002,
      0.18789999999999996,
      0.13589999999999997,
      0.0
    ],
    [
      0.003899999999999959,
      0.1053,
      0.10109999999999994,
      0.11660000000000004,
      0.20409999999999995,
      0.13009999999999994,
      0.13279999999999997,
      0.0
    ],
    [
      0.0653,
      0.06699999999999995,
      0.12229999999999988,
      0.13339999999999996,
      0.20199999999999996,
      0.17609999999999998,
      0.11689999999999998,
      0.22810000000000014,
      0.0
    ],
    [
      0.028299999999999992,
      0.10619999999999999,
      0.09119999999999992,
      0.07310000000000005,
      0.15669999999999995,
      0.14189999999999997,
      0.10669999999999996,
      0.1700000000000001,
      0.17010000000000003,
      0.0
    ]
  ],
  "emergence_results": null
}