{
  "final_accuracy": 0.21932291666666667,
  "forgetting_rate": 0.7523124999999999,
  "all_accuracies": [
    0.54515625,
    0.788359375,
    0.75203125,
    0.83546875,
    0.80421875,
    0.854765625,
    0.81984375,
    0.872109375,
    0.75890625,
    0.89375,
    0.4194140625,
    0.4964453125,
    0.5562109375,
    0.4818359375,
    0.5759765625,
    0.450078125,
    0.5957421875,
    0.4844921875,
    0.59984375,
    0.4964453125,
    0.15856770833333333,
    0.363984375,
    0.40291666666666665,
    0.412421875,
    0.41453125,
    0.413203125,
    0.4009375,
    0.399140625,
    0.40901041666666665,
    0.38036458333333334,
    0.21416015625,
    0.26125,
    0.277578125,
    0.30861328125,
    0.34046875,
    0.3160546875,
    0.33548828125,
    0.3176171875,
    0.34203125,
    0.2790625,
    0.230296875,
    0.258703125,
    0.311171875,
    0.303671875,
    0.317171875,
    0.287171875,
    0.293765625,
    0.2588125,
    0.2930625,
    0.26565625,
    0.14990885416666666,
    0.20291666666666666,
    0.13669270833333333,
    0.1885546875,
    0.19615885416666667,
    0.2333203125,
    0.17774739583333332,
    0.20760416666666667,
    0.205078125,
    0.21932291666666667
  ],
  "all_forgetting": [
    0.737109375,
    0.6825390625,
    0.7327604166666668,
    0.7096874999999999,
    0.7523124999999999
  ],
  "per_task_acc": [
    [
      0.89375
    ],
    [
      0.15664062499999998,
      0.83625
    ],
    [
      0.053984375,
      0.311015625,
      0.77609375
    ],
    [
      0.012734375,
      0.019843749999999997,
      0.29734375,
      0.786328125
    ],
    [
      0.03265625,
      0.07867187499999999,
      0.148984375,
      0.21546875,
      0.8525
    ],
    [
      0.021328125,
      0.06749999999999998,
      0.10578125,
      0.081875,
      0.12898437499999998,
      0.91046875
    ]
  ],
  "per_task_forget": [
    [
      0.0
    ],
    [
      0.7371093750000001,
      0.0
    ],
    [
      0.8397656250000001,
      0.525234375,
      0.0
    ],
    [
      0.8810156250000001,
      0.81640625,
      0.47875,
      0.0
    ],
    [
      0.86109375,
      0.7575781250000001,
      0.6271093750000001,
      0.5708593750000001,
      0.0
    ],
    [
      0.872421875,
      0.76875,
      0.6703125000000001,
      0.704453125,
      0.7235156250000001,
      0.0
    ]
  ],
  "emergence_results": null
}