{
  "final_accuracy": 0.25959,
  "forgetting_rate": 0.11064444444444449,
  "all_accuracies": [
    0.096,
    0.1063,
    0.1123,
    0.1271,
    0.1534,
    0.1514,
    0.1714,
    0.1894,
    0.1971,
    0.2156,
    0.14095,
    0.14295,
    0.14805,
    0.1441,
    0.15855,
    0.16205,
    0.16955,
    0.17445,
    0.1859,
    0.181,
    0.176,
    0.16963333333333333,
    0.16013333333333332,
    0.15963333333333332,
    0.16553333333333334,
    0.16796666666666665,
    0.16066666666666668,
    0.16283333333333333,
    0.17336666666666667,
    0.1681,
    0.197375,
    0.2124,
    0.194075,
    0.1893,
    0.190675,
    0.195025,
    0.19725,
    0.203375,
    0.198675,
    0.2128,
    0.19386,
    0.18168,
    0.18288,
    0.1788,
    0.1887,
    0.18322,
    0.17874,
    0.18566,
    0.19524,
    0.1875,
    0.21418333333333334,
    0.21201666666666666,
    0.20005,
    0.2038,
    0.20741666666666667,
    0.20353333333333334,
    0.20998333333333333,
    0.21146666666666666,
    0.21626666666666666,
    0.22568333333333335,
    0.23138571428571428,
    0.22384285714285715,
    0.2246142857142857,
    0.20922857142857143,
    0.20857142857142857,
    0.20954285714285714,
    0.21574285714285715,
    0.21872857142857144,
    0.2184,
    0.2203142857142857,
    0.251075,
    0.2405125,
    0.226525,
    0.2336875,
    0.232,
    0.2273,
    0.2351375,
    0.2334375,
    0.239175,
    0.2326375,
    0.2591,
    0.24231111111111112,
    0.24813333333333334,
    0.23944444444444443,
    0.24575555555555556,
    0.24283333333333335,
    0.2427,
    0.24881111111111112,
    0.24754444444444446,
    0.24713333333333334,
    0.2686,
    0.2542,
    0.25212,
    0.26281,
    0.26118,
    0.25549,
    0.26294,
    0.26311,
    0.25987,
    0.25959
  ],
  "all_forgetting": [
    0.09940000000000002,
    0.12125,
    0.09123333333333336,
    0.13917499999999997,
    0.11128000000000002,
    0.12216666666666667,
    0.12208571428571428,
    0.11415,
    0.11064444444444449
  ],
  "per_task_acc": [
    [
      0.2156
    ],
    [
      0.1172,
      0.2448
    ],
    [
      0.10339999999999998,
      0.12340000000000002,
      0.2775
    ],
    [
      0.19219999999999998,
      0.16690000000000002,
      0.1668,
      0.32530000000000003
    ],
    [
      0.1282,
      0.2082,
      0.1113,
      0.16,
      0.3298
    ],
    [
      0.2085,
      0.18130000000000002,
      0.2063,
      0.18850000000000003,
      0.2193,
      0.35020000000000007
    ],
    [
      0.22009999999999996,
      0.2273,
      0.1333,
      0.199,
      0.22279999999999997,
      0.2213,
      0.3184
    ],
    [
      0.21500000000000002,
      0.175,
      0.19590000000000002,
      0.22880000000000003,
      0.18880000000000002,
      0.25970000000000004,
      0.20990000000000003,
      0.388
    ],
    [
      0.22999999999999998,
      0.2427,
      0.24,
      0.22510000000000002,
      0.24020000000000002,
      0.21550000000000002,
      0.22290000000000001,
      0.2403,
      0.3675
    ],
    [
      0.2232,
      0.22070000000000004,
      0.2431,
      0.26799999999999996,
      0.1985,
      0.24499999999999997,
      0.2619,
      0.2494,
      0.2726,
      0.4135
    ]
  ],
  "per_task_forget": [
    [
      0.0
    ],
    [
      0.09840000000000002,
      0.0
    ],
    [
      0.11220000000000004,
      0.12139999999999997,
      0.0
    ],
    [
      0.023400000000000032,
      0.07789999999999997,
      0.11070000000000002,
      0.0
    ],
    [
      0.0874,
      0.036599999999999994,
      0.16620000000000001,
      0.16530000000000003,
      0.0
    ],
    [
      0.007100000000000023,
      0.06349999999999997,
      0.07120000000000001,
      0.1368,
      0.11049999999999999,
      0.0
    ],
    [
      0.0,
      0.017499999999999988,
      0.14420000000000002,
      0.12630000000000002,
      0.10700000000000001,
      0.12890000000000007,
      0.0
    ],
    [
      0.005099999999999938,
      0.0698,
      0.0816,
      0.0965,
      0.14099999999999996,
      0.09050000000000002,
      0.10849999999999999,
      0.0
    ],
    [
      0.0,
      0.0020999999999999908,
      0.03750000000000003,
      0.10020000000000001,
      0.08959999999999996,
      0.13470000000000004,
      0.0955,
      0.1477,
      0.0
    ],
    [
      0.006799999999999973,
      0.024099999999999955,
      0.034400000000000014,
      0.05730000000000007,
      0.13129999999999997,
      0.1052000000000001,
      0.056499999999999995,
      0.1386,
      0.09489999999999998,
      0.0
    ]
  ],
  "emergence_results": null
}