{
  "client_task_bubble": {
    "after_task_diagonal": {
      "FedAvg": [
        [
          97.0,
          57.49999999999999,
          95.6875,
          81.0,
          89.25,
          87.125
        ],
        [
          99.125,
          45.5625,
          65.375,
          73.875,
          63.24999999999999,
          92.0
        ],
        [
          96.5,
          97.5,
          70.3125,
          90.25,
          31.937500000000004,
          94.125
        ],
        [
          48.5625,
          94.3125,
          91.9375,
          80.25,
          96.9375,
          96.375
        ],
        [
          54.6875,
          54.1875,
          77.8125,
          90.25,
          75.9375,
          94.125
        ],
        [
          97.0,
          94.3125,
          74.5,
          97.0625,
          88.375,
          93.0625
        ],
        [
          97.0,
          98.375,
          98.3125,
          78.3125,
          96.8125,
          96.375
        ],
        [
          61.0625,
          79.1875,
          37.6875,
          69.375,
          42.625,
          94.125
        ]
      ],
      "FedProx": [
        [
          97.0,
          66.625,
          96.375,
          81.4375,
          88.6875,
          85.5
        ],
        [
          98.875,
          45.875,
          69.5625,
          75.6875,
          60.5,
          93.75
        ],
        [
          96.5,
          98.0625,
          69.875,
          90.25,
          31.1875,
          93.125
        ],
        [
          55.00000000000001,
          94.5,
          93.5625,
          78.625,
          96.8125,
          96.625
        ],
        [
          72.375,
          59.0,
          78.0625,
          90.25,
          77.1875,
          93.125
        ],
        [
          97.0,
          94.3125,
          74.4375,
          96.375,
          90.25,
          92.25
        ],
        [
          97.0,
          98.6875,
          98.375,
          86.6875,
          97.375,
          96.625
        ],
        [
          72.1875,
          81.5,
          38.5,
          79.25,
          52.625,
          93.125
        ]
      ],
      "DCFCL": [
        [
          99.1875,
          82.375,
          80.4375,
          70.625,
          86.8125,
          42.875
        ],
        [
          91.5,
          59.25,
          74.1875,
          85.5625,
          88.5625,
          78.0625
        ],
        [
          90.1875,
          98.75,
          73.0,
          98.625,
          81.8125,
          97.625
        ],
        [
          43.0,
          74.0625,
          96.375,
          90.8125,
          94.5,
          95.75
        ],
        [
          71.9375,
          88.875,
          96.6875,
          98.625,
          97.4375,
          97.625
        ],
        [
          99.1875,
          98.6875,
          97.5,
          75.75,
          93.375,
          94.4375
        ],
        [
          99.1875,
          96.4375,
          91.3125,
          92.3125,
          97.125,
          95.75
        ],
        [
          82.875,
          93.875,
          63.87500000000001,
          93.8125,
          86.25,
          97.625
        ]
      ],
      "DynDFCL": [
        [
          98.9375,
          95.4375,
          96.5,
          90.875,
          95.5625,
          98.0
        ],
        [
          99.25,
          93.6875,
          94.8125,
          93.75,
          92.875,
          95.125
        ],
        [
          98.1875,
          98.0,
          96.25,
          95.6875,
          96.9375,
          94.5625
        ],
        [
          96.625,
          97.25,
          96.4375,
          96.4375,
          97.0,
          94.1875
        ],
        [
          99.0,
          97.1875,
          96.5625,
          94.0625,
          98.0625,
          94.1875
        ],
        [
          99.0625,
          98.25,
          95.4375,
          94.3125,
          96.6875,
          96.5
        ],
        [
          99.0625,
          97.4375,
          96.6875,
          95.25,
          96.8125,
          94.3125
        ],
        [
          99.0,
          95.6875,
          95.0625,
          97.5625,
          91.9375,
          94.875
        ]
      ]
    },
    "end_of_stream": {
      "FedAvg": [
        [
          0.0625,
          4.75,
          0.25,
          0.43750000000000006,
          27.0625,
          87.125
        ],
        [
          4.75,
          0.375,
          61.0625,
          27.5625,
          46.6875,
          92.0
        ],
        [
          4.8125,
          40.8125,
          46.625,
          30.9375,
          88.6875,
          94.125
        ],
        [
          0.0625,
          0.25,
          27.0625,
          61.0625,
          16.5625,
          96.375
        ],
        [
          5.0,
          10.125,
          17.0,
          30.9375,
          0.125,
          94.125
        ],
        [
          0.0625,
          4.75,
          46.625,
          16.5,
          11.125,
          93.0625
        ],
        [
          0.0625,
          5.0,
          10.125,
          0.0625,
          14.499999999999998,
          96.375
        ],
        [
          4.75,
          40.625,
          16.5,
          0.125,
          50.0,
          94.125
        ]
      ],
      "FedProx": [
        [
          0.0625,
          9.0625,
          0.375,
          3.125,
          24.1875,
          85.5
        ],
        [
          9.0625,
          2.75,
          60.0625,
          24.0,
          50.0625,
          93.75
        ],
        [
          9.125,
          39.5625,
          47.3125,
          33.5,
          89.375,
          93.125
        ],
        [
          0.0625,
          0.375,
          24.1875,
          60.0625,
          19.8125,
          96.625
        ],
        [
          9.4375,
          14.4375,
          10.75,
          33.5,
          0.375,
          93.125
        ],
        [
          0.0625,
          9.0625,
          46.6875,
          20.75,
          4.375,
          92.25
        ],
        [
          0.0625,
          9.4375,
          14.4375,
          2.1875,
          13.875000000000002,
          96.625
        ],
        [
          9.0625,
          39.5625,
          20.75,
          0.1875,
          54.43750000000001,
          93.125
        ]
      ],
      "DCFCL": [
        [
          0.0,
          1.1875,
          0.0,
          0.125,
          2.25,
          42.875
        ],
        [
          1.1875,
          0.125,
          26.125,
          0.0,
          35.0625,
          78.0625
        ],
        [
          1.1875,
          24.5625,
          18.3125,
          7.8125,
          72.875,
          97.625
        ],
        [
          0.0,
          0.0,
          4.1875,
          11.0,
          0.25,
          95.75
        ],
        [
          1.1875,
          0.1875,
          2.0625,
          7.8125,
          0.0,
          97.625
        ],
        [
          0.0,
          1.375,
          10.1875,
          0.25,
          0.0,
          94.4375
        ],
        [
          0.0,
          1.375,
          2.1875,
          0.0,
          0.8125,
          95.75
        ],
        [
          1.1875,
          24.5625,
          0.0,
          0.0,
          40.25,
          97.625
        ]
      ],