{
  "final_accuracy": 0.8638802083333333,
  "forgetting_rate": 0.12021874999999997,
  "all_accuracies": [
    0.9590625,
    0.96921875,
    0.975078125,
    0.97703125,
    0.9796875,
    0.979921875,
    0.980625,
    0.98109375,
    0.982109375,
    0.9815625,
    0.953671875,
    0.959140625,
    0.9608203125,
    0.9611328125,
    0.9612890625,
    0.9614453125,
    0.9619921875,
    0.9612109375,
    0.9615625,
    0.96125,
    0.936875,
    0.9406770833333333,
    0.9425260416666666,
    0.9426041666666667,
    0.9421614583333333,
    0.94234375,
    0.9419791666666667,
    0.9416145833333334,
    0.94109375,
    0.940859375,
    0.9131640625,
    0.91759765625,
    0.91787109375,
    0.9169921875,
    0.91642578125,
    0.9153515625,
    0.91482421875,
    0.9138671875,
    0.91294921875,
    0.91232421875,
    0.902390625,
    0.905359375,
    0.90559375,
    0.9054375,
    0.904171875,
    0.90346875,
    0.90290625,
    0.902015625,
    0.901421875,
    0.900671875,
    0.8705859375,
    0.8730598958333333,
    0.8723958333333334,
    0.87109375,
    0.8691666666666666,
    0.868125,
    0.8666276041666666,
    0.8654166666666666,
    0.8647526041666667,
    0.8638802083333333
  ],
  "all_forgetting": [
    0.027499999999999997,
    0.04457031249999998,
    0.072265625,
    0.08228515625000003,
    0.12021874999999997
  ],
  "per_task_acc": [
    [
      0.9815625
    ],
    [
      0.9540624999999999,
      0.9684375000000001
    ],
    [
      0.9259375,
      0.934921875,
      0.9617187500000002
    ],
    [
      0.90421875,
      0.8754687499999999,
      0.915234375,
      0.9543750000000001
    ],
    [
      0.8689843749999999,
      0.8668750000000001,
      0.89078125,
      0.9103125,
      0.96640625
    ],
    [
      0.792265625,
      0.7949218749999999,
      0.851875,
      0.875625,
      0.91671875,
      0.951875
    ]
  ],
  "per_task_forget": [
    [
      0.0
    ],
    [
      0.02750000000000008,
      0.0
    ],
    [
      0.055625000000000036,
      0.03351562500000005,
      0.0
    ],
    [
      0.07734375000000004,
      0.09296875000000016,
      0.04648437500000013,
      0.0
    ],
    [
      0.11257812500000008,
      0.1015625,
      0.07093750000000021,
      0.044062500000000115,
      0.0
    ],
    [
      0.18929687500000003,
      0.17351562500000017,
      0.10984375000000013,
      0.0787500000000001,
      0.049687499999999996,
      0.0
    ]
  ],
  "emergence_results": null
}