{
  "final_accuracy": 0.06977,
  "forgetting_rate": 0.6712111111111112,
  "all_accuracies": [
    0.4552,
    0.5287,
    0.5491,
    0.5643,
    0.6091,
    0.631,
    0.6372,
    0.6531,
    0.6457,
    0.6738,
    0.2134,
    0.2668,
    0.28145,
    0.30385,
    0.3126,
    0.32175,
    0.3334,
    0.33235,
    0.33685,
    0.33995,
    0.10816666666666666,
    0.1585,
    0.18253333333333333,
    0.1919,
    0.19743333333333332,
    0.2086,
    0.20586666666666667,
    0.21576666666666666,
    0.2126,
    0.22026666666666667,
    0.06995,
    0.111725,
    0.135675,
    0.142075,
    0.155875,
    0.155275,
    0.160775,
    0.164275,
    0.170875,
    0.173075,
    0.04532,
    0.07558,
    0.0968,
    0.11338,
    0.11688,
    0.12034,
    0.12588,
    0.13178,
    0.1354,
    0.13102,
    0.033933333333333336,
    0.05825,
    0.07545,
    0.08755,
    0.09671666666666667,
    0.10075,
    0.10036666666666667,
    0.10861666666666667,
    0.10935,
    0.11288333333333334,
    0.026685714285714285,
    0.04717142857142857,
    0.060257142857142856,
    0.06484285714285715,
    0.07597142857142856,
    0.08115714285714286,
    0.08411428571428571,
    0.08534285714285714,
    0.09104285714285715,
    0.0912,
    0.0253375,
    0.044525,
    0.0610625,
    0.0663,
    0.0721375,
    0.07645,
    0.07895,
    0.080325,
    0.0811,
    0.083225,
    0.019688888888888888,
    0.039988888888888886,
    0.05333333333333334,
    0.060455555555555554,
    0.06631111111111111,
    0.06865555555555555,
    0.07101111111111111,
    0.07596666666666667,
    0.07393333333333334,
    0.0775,
    0.01936,
    0.03691,
    0.04837,
    0.05584,
    0.05933,
    0.06175,
    0.06393,
    0.06797,
    0.06885,
    0.06977
  ],
  "all_forgetting": [
    0.6738,
    0.67685,
    0.6714999999999999,
    0.6766999999999999,
    0.67238,
    0.6732000000000001,
    0.6682285714285715,
    0.6679250000000001,
    0.6712111111111112
  ],
  "per_task_acc": [
    [
      0.6738
    ],
    [
      0.0,
      0.6799
    ],
    [
      0.0,
      0.0,
      0.6608
    ],
    [
      0.0,
      0.0,
      0.0,
      0.6922999999999998
    ],
    [
      0.0,
      0.0,
      0.0,
      0.0,
      0.6551
    ],
    [
      0.0,
      0.0,
      0.0,
      0.0,
      0.0,
      0.6773
    ],
    [
      0.0,
      0.0,
      0.0,
      0.0,
      0.0,
      0.0,
      0.6384000000000001
    ],
    [
      0.0,
      0.0,
      0.0,
      0.0,
      0.0,
      0.0,
      0.0,
      0.6658000000000001
    ],
    [
      0.0,
      0.0,
      0.0,
      0.0,
      0.0,
      0.0,
      0.0,
      0.0,
      0.6975
    ],
    [
      0.0,
      0.0,
      0.0,
      0.0,
      0.0,
      0.0,
      0.0,
      0.0,
      0.0,
      0.6977
    ]
  ],
  "per_task_forget": [
    [
      0.0
    ],
    [
      0.6738,
      0.0
    ],
    [
      0.6738,
      0.6799,
      0.0
    ],
    [
      0.6738,
      0.6799,
      0.6608,
      0.0
    ],
    [
      0.6738,
      0.6799,
      0.6608,
      0.6922999999999998,
      0.0
    ],
    [
      0.6738,
      0.6799,
      0.6608,
      0.6922999999999998,
      0.6551,
      0.0
    ],
    [
      0.6738,
      0.6799,
      0.6608,
      0.6922999999999998,
      0.6551,
      0.6773,
      0.0
    ],
    [
      0.6738,
      0.6799,
      0.6608,
      0.6922999999999998,
      0.6551,
      0.6773,
      0.6384000000000001,
      0.0
    ],
    [
      0.6738,
      0.6799,
      0.6608,
      0.6922999999999998,
      0.6551,
      0.6773,
      0.6384000000000001,
      0.6658000000000001,
      0.0
    ],
    [
      0.6738,
      0.6799,
      0.6608,
      0.6922999999999998,
      0.6551,
      0.6773,
      0.6384000000000001,
      0.6658000000000001,
      0.6975,
      0.0
    ]
  ],
  "emergence_results": null
}