{
  "final_accuracy": 0.12846,
  "forgetting_rate": 0.1451,
  "all_accuracies": [
    0.1145,
    0.1234,
    0.121,
    0.1121,
    0.1269,
    0.1275,
    0.1224,
    0.1011,
    0.1126,
    0.1125,
    0.07235,
    0.11395,
    0.0913,
    0.12805,
    0.081,
    0.1368,
    0.10045,
    0.118,
    0.0967,
    0.1187,
    0.044033333333333334,
    0.09756666666666666,
    0.06116666666666667,
    0.09196666666666667,
    0.07056666666666667,
    0.0818,
    0.07103333333333334,
    0.07803333333333333,
    0.06873333333333333,
    0.0807,
    0.06725,
    0.08475,
    0.075525,
    0.103575,
    0.0789,
    0.084125,
    0.086525,
    0.078275,
    0.07685,
    0.08015,
    0.05914,
    0.08196,
    0.0794,
    0.08574,
    0.08016,
    0.08554,
    0.08176,
    0.06816,
    0.0825,
    0.08272,
    0.05098333333333333,
    0.12315,
    0.08125,
    0.11575,
    0.07855,
    0.09295,
    0.07783333333333334,
    0.09888333333333334,
    0.07245,
    0.11636666666666666,
    0.05017142857142857,
    0.1116,
    0.061657142857142855,
    0.12342857142857143,
    0.058742857142857145,
    0.12261428571428572,
    0.0614,
    0.1222,
    0.060585714285714284,
    0.13402857142857144,
    0.0812125,
    0.121525,
    0.1070875,
    0.129475,
    0.10005,
    0.1226875,
    0.086275,
    0.114475,
    0.0887875,
    0.11545,
    0.041044444444444446,
    0.11542222222222222,
    0.06846666666666666,
    0.13052222222222223,
    0.06495555555555556,
    0.11592222222222222,
    0.06456666666666666,
    0.09028888888888889,
    0.0652,
    0.08733333333333333,
    0.05251,
    0.14399,
    0.08692,
    0.15302,
    0.08533,
    0.13332,
    0.0891,
    0.1405,
    0.08343,
    0.12846
  ],
  "all_forgetting": [
    0.0523,
    0.11579999999999999,
    0.11886666666666668,
    0.126075,
    0.11514,
    0.11669999999999998,
    0.15145714285714287,
    0.18031250000000001,
    0.1451
  ],
  "per_task_acc": [
    [
      0.1125
    ],
    [
      0.076,
      0.16140000000000002
    ],
    [
      0.0372,
      0.034,
      0.1709
    ],
    [
      0.0314,
      0.0354,
      0.05369999999999999,
      0.2001
    ],
    [
      0.029900000000000003,
      0.052500000000000005,
      0.0315,
      0.068,
      0.23170000000000002
    ],
    [
      0.0936,
      0.07669999999999999,
      0.0689,
      0.07420000000000002,
      0.09409999999999999,
      0.2907
    ],
    [
      0.1467,
      0.1059,
      0.0588,
      0.0905,
      0.10169999999999998,
      0.1167,
      0.31789999999999996
    ],
    [
      0.0651,
      0.0914,
      0.0652,
      0.07200000000000001,
      0.10669999999999999,
      0.123,
      0.1173,
      0.28290000000000004
    ],
    [
      0.038400000000000004,
      0.0641,
      0.09319999999999999,
      0.046200000000000005,
      0.09319999999999999,
      0.07810000000000002,
      0.07550000000000001,
      0.0794,
      0.21789999999999998
    ],
    [
      0.0743,
      0.1129,
      0.10370000000000001,
      0.13269999999999998,
      0.09320000000000002,
      0.0863,
      0.12830000000000003,
      0.0953,
      0.12620000000000003,
      0.3317
    ]
  ],
  "per_task_forget": [
    [
      0.0
    ],
    [
      0.036500000000000005,
      0.0
    ],
    [
      0.0753,
      0.1274,
      0.0
    ],
    [
      0.0811,
      0.126,
      0.1172,
      0.0
    ],
    [
      0.0826,
      0.10890000000000001,
      0.1394,
      0.1321,
      0.0
    ],
    [
      0.0189,
      0.08470000000000003,
      0.102,
      0.12589999999999998,
      0.13760000000000003,
      0.0
    ],
    [
      0.0,
      0.05550000000000002,
      0.1121,
      0.1096,
      0.13000000000000003,
      0.17400000000000002,
      0.0
    ],
    [
      0.08159999999999999,
      0.07000000000000002,
      0.1057,
      0.1281,
      0.12500000000000003,
      0.16770000000000002,
      0.20059999999999995,
      0.0
    ],
    [
      0.1083,
      0.09730000000000001,
      0.0777,
      0.15389999999999998,
      0.1385,
      0.2126,
      0.24239999999999995,
      0.20350000000000004,
      0.0
    ],
    [
      0.07239999999999999,
      0.048500000000000015,
      0.06719999999999998,
      0.06740000000000002,
      0.1385,
      0.20440000000000003,
      0.18959999999999994,
      0.18760000000000004,
      0.09169999999999995,
      0.0
    ]
  ],
  "emergence_results": null
}