{
  "final_accuracy": 0.20591145833333332,
  "forgetting_rate": 0.8079062499999999,
  "all_accuracies": [
    0.6025,
    0.661953125,
    0.70375,
    0.6771875,
    0.6415625,
    0.848671875,
    0.715625,
    0.7740625,
    0.780234375,
    0.77203125,
    0.3424609375,
    0.547109375,
    0.587421875,
    0.497734375,
    0.53546875,
    0.5357421875,
    0.5072265625,
    0.469375,
    0.59515625,
    0.61734375,
    0.15375,
    0.35734375,
    0.40096354166666665,
    0.41138020833333333,
    0.4465104166666667,
    0.40239583333333334,
    0.372734375,
    0.43861979166666665,
    0.374921875,
    0.4884895833333333,
    0.2748828125,
    0.28638671875,
    0.278515625,
    0.36267578125,
    0.29814453125,
    0.425078125,
    0.27927734375,
    0.41109375,
    0.360390625,
    0.30724609375,
    0.344375,
    0.3745,
    0.39375,
    0.320984375,
    0.367734375,
    0.304328125,
    0.323421875,
    0.32609375,
    0.353421875,
    0.350734375,
    0.11514322916666667,
    0.162578125,
    0.16848958333333333,
    0.19895833333333332,
    0.22498697916666666,
    0.22196614583333332,
    0.20712239583333333,
    0.21328125,
    0.19533854166666667,
    0.20591145833333332
  ],
  "all_forgetting": [
    0.5221875,
    0.5748828125000001,
    0.7350000000000002,
    0.6331249999999999,
    0.8079062499999999
  ],
  "per_task_acc": [
    [
      0.7720312500000001
    ],
    [
      0.36687499999999995,
      0.8678124999999999
    ],
    [
      0.16140624999999997,
      0.466796875,
      0.8372656249999999
    ],
    [
      0.0153125,
      0.010234375,
      0.418125,
      0.7853125000000001
    ],
    [
      0.00453125,
      0.076875,
      0.36257812500000003,
      0.532109375,
      0.7775781249999999
    ],
    [
      0.0021875,
      0.005390625000000001,
      0.0346875,
      0.049609375,
      0.23406250000000003,
      0.90953125
    ]
  ],
  "per_task_forget": [
    [
      0.0
    ],
    [
      0.4051562500000001,
      0.0
    ],
    [
      0.6106250000000001,
      0.4010156249999999,
      0.0
    ],
    [
      0.7567187500000001,
      0.8575781249999999,
      0.4191406249999999,
      0.0
    ],
    [
      0.7675000000000001,
      0.7909374999999998,
      0.4746874999999999,
      0.2532031250000001,
      0.0
    ],
    [
      0.76984375,
      0.8624218749999999,
      0.8025781249999999,
      0.7357031250000001,
      0.5435156249999998,
      0.0
    ]
  ],
  "emergence_results": null
}