{
  "final_accuracy": 0.09639,
  "forgetting_rate": 0.0832666666666667,
  "all_accuracies": [
    0.0501,
    0.0484,
    0.0514,
    0.0542,
    0.0596,
    0.0671,
    0.079,
    0.079,
    0.0853,
    0.0877,
    0.07055,
    0.0693,
    0.0649,
    0.06515,
    0.0682,
    0.07475,
    0.0778,
    0.0822,
    0.08475,
    0.0893,
    0.07866666666666666,
    0.05173333333333333,
    0.0561,
    0.06306666666666666,
    0.07043333333333333,
    0.06956666666666667,
    0.07636666666666667,
    0.07743333333333334,
    0.07976666666666667,
    0.08013333333333333,
    0.0745,
    0.07085,
    0.07355,
    0.07745,
    0.078125,
    0.079375,
    0.0828,
    0.084975,
    0.084325,
    0.086825,
    0.07016,
    0.05846,
    0.05964,
    0.06124,
    0.05912,
    0.05676,
    0.05908,
    0.05994,
    0.06184,
    0.06144,
    0.06341666666666666,
    0.06035,
    0.06295,
    0.06633333333333333,
    0.06735,
    0.06901666666666667,
    0.07191666666666667,
    0.07178333333333334,
    0.07205,
    0.07431666666666667,
    0.06225714285714286,
    0.0631,
    0.06198571428571428,
    0.06011428571428572,
    0.06502857142857142,
    0.06622857142857143,
    0.07022857142857143,
    0.06911428571428571,
    0.0712,
    0.07208571428571428,
    0.0642125,
    0.075675,
    0.0778375,
    0.07765,
    0.07935,
    0.082225,
    0.0823875,
    0.0832375,
    0.084375,
    0.0845375,
    0.06498888888888889,
    0.07363333333333333,
    0.07885555555555555,
    0.0831888888888889,
    0.08796666666666667,
    0.0914,
    0.09163333333333333,
    0.09288888888888888,
    0.0933,
    0.0933,
    0.06517,
    0.08525,
    0.085,
    0.09249,
    0.09092,
    0.093,
    0.09241,
    0.09613,
    0.09556,
    0.09639
  ],
  "all_forgetting": [
    0.0487,
    0.06825,
    0.06303333333333332,
    0.09379999999999997,
    0.0845,
    0.08648333333333333,
    0.08271428571428573,
    0.07835,
    0.0832666666666667
  ],
  "per_task_acc": [
    [
      0.08770000000000001
    ],
    [
      0.042300000000000004,
      0.1363
    ],
    [
      0.033800000000000004,
      0.06989999999999999,
      0.1367
    ],
    [
      0.0644,
      0.06639999999999999,
      0.0666,
      0.1499
    ],
    [
      0.0228,
      0.06170000000000001,
      0.031999999999999994,
      0.052000000000000005,
      0.1387
    ],
    [
      0.07820000000000002,
      0.057100000000000005,
      0.0538,
      0.054900000000000004,
      0.0516,
      0.15030000000000002
    ],
    [
      0.064,
      0.07719999999999999,
      0.0368,
      0.04660000000000001,
      0.05740000000000001,
      0.0792,
      0.14340000000000003
    ],
    [
      0.07169999999999999,
      0.0546,
      0.06280000000000001,
      0.0726,
      0.0746,
      0.0889,
      0.0663,
      0.1848
    ],
    [
      0.086,
      0.0986,
      0.07970000000000002,
      0.09259999999999999,
      0.06470000000000001,
      0.052700000000000004,
      0.0708,
      0.09970000000000001,
      0.1949
    ],
    [
      0.0758,
      0.0871,
      0.0666,
      0.1203,
      0.0649,
      0.06110000000000001,
      0.08320000000000001,
      0.09219999999999999,
      0.0897,
      0.223
    ]
  ],
  "per_task_forget": [
    [
      0.0
    ],
    [
      0.04540000000000001,
      0.0
    ],
    [
      0.05390000000000001,
      0.06640000000000001,
      0.0
    ],
    [
      0.023300000000000015,
      0.06990000000000002,
      0.07009999999999998,
      0.0
    ],
    [
      0.06490000000000001,
      0.0746,
      0.10469999999999999,
      0.0979,
      0.0
    ],
    [
      0.009499999999999995,
      0.07919999999999999,
      0.08289999999999999,
      0.095,
      0.08709999999999998,
      0.0
    ],
    [
      0.023700000000000013,
      0.059100000000000014,
      0.09989999999999999,
      0.1033,
      0.08129999999999998,
      0.07110000000000001,
      0.0
    ],
    [
      0.016000000000000028,
      0.0817,
      0.07389999999999998,
      0.07730000000000001,
      0.06409999999999999,
      0.06140000000000001,
      0.07710000000000003,
      0.0
    ],
    [
      0.001700000000000021,
      0.03770000000000001,
      0.05699999999999997,
      0.05730000000000002,
      0.07399999999999998,
      0.09760000000000002,
      0.07260000000000003,
      0.08509999999999998,
      0.0
    ],
    [
      0.011900000000000008,
      0.04920000000000001,
      0.07009999999999998,
      0.0296,
      0.07379999999999999,
      0.0892,
      0.06020000000000002,
      0.0926,
      0.10519999999999999,
      0.0
    ]
  ],
  "emergence_results": null
}