{
  "final_accuracy": 0.8438932291666666,
  "forgetting_rate": 0.043765625000000016,
  "all_accuracies": [
    0.5446875,
    0.69640625,
    0.724921875,
    0.744453125,
    0.757890625,
    0.723203125,
    0.760703125,
    0.691171875,
    0.791484375,
    0.817890625,
    0.7017578125,
    0.7728515625,
    0.8169921875,
    0.8312109375,
    0.84359375,
    0.8509765625,
    0.8590625,
    0.864375,
    0.8691015625,
    0.8745703125,
    0.81828125,
    0.7853645833333334,
    0.842109375,
    0.8232291666666667,
    0.8540104166666667,
    0.8370052083333334,
    0.86421875,
    0.8672916666666667,
    0.8686197916666667,
    0.875078125,
    0.82328125,
    0.82744140625,
    0.83955078125,
    0.8459765625,
    0.8523828125,
    0.85529296875,
    0.85970703125,
    0.86095703125,
    0.8624609375,
    0.865,
    0.834234375,
    0.83459375,
    0.8434375,
    0.846359375,
    0.848671875,
    0.850734375,
    0.851359375,
    0.85228125,
    0.853265625,
    0.855046875,
    0.8008854166666667,
    0.826484375,
    0.8327213541666667,
    0.8377083333333334,
    0.8393229166666667,
    0.8400390625,
    0.8405729166666667,
    0.8422135416666666,
    0.8430208333333333,
    0.8438932291666666
  ],
  "all_forgetting": [
    0.006484375000000014,
    0.008867187500000005,
    0.020755208333333334,
    0.023945312500000007,
    0.043765625000000016
  ],
  "per_task_acc": [
    [
      0.817890625
    ],
    [
      0.953671875,
      0.79546875
    ],
    [
      0.952421875,
      0.8807031249999998,
      0.7921093749999999
    ],
    [
      0.936328125,
      0.89109375,
      0.8872656250000001,
      0.7453125
    ],
    [
      0.91703125,
      0.89078125,
      0.920625,
      0.845234375,
      0.7015625
    ],
    [
      0.888984375,
      0.8550781249999999,
      0.8955468749999999,
      0.8316406249999999,
      0.7445312500000001,
      0.8475781250000001
    ]
  ],
  "per_task_forget": [
    [
      0.0
    ],
    [
      0.0,
      0.0
    ],
    [
      0.0012499999999999734,
      0.0,
      0.0
    ],
    [
      0.01734374999999999,
      0.0,
      0.0,
      0.0
    ],
    [
      0.03664062499999998,
      0.00031250000000004885,
      0.0,
      0.0,
      0.0
    ],
    [
      0.0646874999999999,
      0.03601562500000011,
      0.025078125000000173,
      0.013593750000000071,
      0.0,
      0.0
    ]
  ],
  "emergence_results": null
}