{
  "final_accuracy": 0.8639192708333333,
  "forgetting_rate": 0.10054687499999997,
  "all_accuracies": [
    0.75796875,
    0.874921875,
    0.8996875,
    0.9615625,
    0.91734375,
    0.956640625,
    0.91421875,
    0.946015625,
    0.915703125,
    0.8696875,
    0.91828125,
    0.9279296875,
    0.916953125,
    0.9136328125,
    0.9318359375,
    0.9315234375,
    0.916796875,
    0.93359375,
    0.9528515625,
    0.9438671875,
    0.9173177083333334,
    0.9199479166666666,
    0.924609375,
    0.9182552083333333,
    0.9266666666666666,
    0.9335416666666667,
    0.941015625,
    0.9186197916666666,
    0.915703125,
    0.9456510416666667,
    0.8919921875,
    0.900546875,
    0.90771484375,
    0.90853515625,
    0.9133984375,
    0.90470703125,
    0.91728515625,
    0.897890625,
    0.91048828125,
    0.90380859375,
    0.90071875,
    0.89703125,
    0.90765625,
    0.904875,
    0.907453125,
    0.8946875,
    0.9110625,
    0.899234375,
    0.881734375,
    0.896375,
    0.8631119791666667,
    0.8738671875,
    0.8648567708333333,
    0.8573307291666666,
    0.8668359375,
    0.8598958333333333,
    0.8708854166666666,
    0.8569010416666667,
    0.873046875,
    0.8639192708333333
  ],
  "all_forgetting": [
    0.019453125,
    0.020429687499999995,
    0.06963541666666667,
    0.06412109375,
    0.10054687499999997
  ],
  "per_task_acc": [
    [
      0.8696875000000001
    ],
    [
      0.946796875,
      0.9409375000000001
    ],
    [
      0.9457031249999999,
      0.948359375,
      0.942890625
    ],
    [
      0.91234375,
      0.86671875,
      0.9074218749999999,
      0.92875
    ],
    [
      0.90171875,
      0.906015625,
      0.8971875,
      0.87453125,
      0.902421875
    ],
    [
      0.83078125,
      0.8428125,
      0.865078125,
      0.86015625,
      0.8607812499999999,
      0.92390625
    ]
  ],
  "per_task_forget": [
    [
      0.0
    ],
    [
      0.0,
      0.0
    ],
    [
      0.0010937500000001155,
      0.0,
      0.0
    ],
    [
      0.03445312499999997,
      0.08164062500000002,
      0.03546875000000005,
      0.0
    ],
    [
      0.04507812499999997,
      0.04234375000000001,
      0.045703124999999956,
      0.05421874999999998,
      0.0
    ],
    [
      0.11601562499999996,
      0.10554687500000004,
      0.07781249999999995,
      0.06859375000000001,
      0.0416406250000001,
      0.0
    ]
  ],
  "emergence_results": null
}