{
  "final_accuracy": 0.8776432291666667,
  "forgetting_rate": 0.10451562500000003,
  "all_accuracies": [
    0.948359375,
    0.96,
    0.971328125,
    0.975703125,
    0.9790625,
    0.980859375,
    0.983125,
    0.983203125,
    0.985234375,
    0.98640625,
    0.95265625,
    0.9591015625,
    0.9637890625,
    0.9655078125,
    0.965625,
    0.9655859375,
    0.96578125,
    0.9661328125,
    0.9655078125,
    0.9657421875,
    0.93609375,
    0.9408333333333333,
    0.9439322916666667,
    0.9425520833333333,
    0.94359375,
    0.9447135416666667,
    0.9448958333333334,
    0.9449739583333333,
    0.9457552083333334,
    0.9455989583333333,
    0.913359375,
    0.9219140625,
    0.922890625,
    0.91978515625,
    0.92201171875,
    0.9203515625,
    0.92072265625,
    0.92158203125,
    0.92099609375,
    0.91978515625,
    0.910859375,
    0.91340625,
    0.915484375,
    0.914375,
    0.91525,
    0.912671875,
    0.912828125,
    0.915375,
    0.91353125,
    0.912796875,
    0.8803645833333333,
    0.8822265625,
    0.8824479166666667,
    0.8815364583333334,
    0.8795963541666667,
    0.8791796875,
    0.87875,
    0.8766145833333333,
    0.8787369791666667,
    0.8776432291666667
  ],
  "all_forgetting": [
    0.025937500000000016,
    0.042031250000000006,
    0.06572916666666666,
    0.06845703125000002,
    0.10451562500000003
  ],
  "per_task_acc": [
    [
      0.98640625
    ],
    [
      0.96046875,
      0.971015625
    ],
    [
      0.9339843750000001,
      0.939375,
      0.9634375
    ],
    [
      0.9184375000000001,
      0.8932812499999999,
      0.9119531249999999,
      0.9554687500000001
    ],
    [
      0.9036718749999999,
      0.903125,
      0.901015625,
      0.8946875,
      0.961484375
    ],
    [
      0.82375,
      0.847421875,
      0.8709375,
      0.870625,
      0.9025,
      0.950625
    ]
  ],
  "per_task_forget": [
    [
      0.0
    ],
    [
      0.025937500000000058,
      0.0
    ],
    [
      0.05242187499999995,
      0.03164062500000009,
      0.0
    ],
    [
      0.06796874999999991,
      0.07773437500000013,
      0.05148437500000003,
      0.0
    ],
    [
      0.08273437500000014,
      0.0678906250000001,
      0.06242187499999996,
      0.06078125000000012,
      0.0
    ],
    [
      0.16265625000000006,
      0.12359375000000006,
      0.09249999999999992,
      0.0848437500000001,
      0.05898437499999998,
      0.0
    ]
  ],
  "emergence_results": null
}