{
  "final_accuracy": 0.87390625,
  "forgetting_rate": 0.10881250000000002,
  "all_accuracies": [
    0.908359375,
    0.9378125,
    0.96234375,
    0.970234375,
    0.974609375,
    0.98109375,
    0.9803125,
    0.97890625,
    0.983203125,
    0.977734375,
    0.940703125,
    0.953828125,
    0.965234375,
    0.9627734375,
    0.96625,
    0.965625,
    0.9665234375,
    0.966328125,
    0.9665625,
    0.966640625,
    0.9200520833333333,
    0.9379166666666666,
    0.9321875,
    0.9392708333333334,
    0.9382552083333333,
    0.9469010416666667,
    0.9473177083333333,
    0.9470833333333334,
    0.9467708333333333,
    0.9460416666666667,
    0.90380859375,
    0.92087890625,
    0.9142578125,
    0.91833984375,
    0.917734375,
    0.9195703125,
    0.91728515625,
    0.91841796875,
    0.9173828125,
    0.91767578125,
    0.898671875,
    0.907203125,
    0.911625,
    0.905328125,
    0.90584375,
    0.908984375,
    0.911015625,
    0.9105625,
    0.9095625,
    0.90896875,
    0.8718619791666666,
    0.8720572916666667,
    0.8720442708333334,
    0.8698567708333333,
    0.8708072916666667,
    0.8799869791666667,
    0.8750390625,
    0.8765755208333333,
    0.8748307291666667,
    0.87390625
  ],
  "all_forgetting": [
    0.024218749999999983,
    0.041796875000000004,
    0.06427083333333335,
    0.07158203125000002,
    0.10881250000000002
  ],
  "per_task_acc": [
    [
      0.9777343749999999
    ],
    [
      0.961015625,
      0.972265625
    ],
    [
      0.93453125,
      0.9393750000000001,
      0.96421875
    ],
    [
      0.926328125,
      0.8992968750000001,
      0.90390625,
      0.9411718749999999
    ],
    [
      0.89609375,
      0.897734375,
      0.8940625000000001,
      0.8892968750000001,
      0.9676562500000001
    ],
    [
      0.8275,
      0.840703125,
      0.8628906249999999,
      0.85875,
      0.897265625,
      0.956328125
    ]
  ],
  "per_task_forget": [
    [
      0.0
    ],
    [
      0.016718749999999893,
      0.0
    ],
    [
      0.0432031249999999,
      0.03289062499999995,
      0.0
    ],
    [
      0.05140624999999999,
      0.07296874999999992,
      0.06031249999999999,
      0.0
    ],
    [
      0.08164062499999991,
      0.07453125000000005,
      0.07015624999999992,
      0.05187499999999978,
      0.0
    ],
    [
      0.15023437499999992,
      0.13156250000000003,
      0.1013281250000001,
      0.08242187499999987,
      0.07039062500000015,
      0.0
    ]
  ],
  "emergence_results": null
}