{
  "final_accuracy": 0.20833,
  "forgetting_rate": 0.1920555555555556,
  "all_accuracies": [
    0.1614,
    0.1755,
    0.2053,
    0.2176,
    0.2754,
    0.2953,
    0.3198,
    0.3515,
    0.357,
    0.3899,
    0.25745,
    0.2643,
    0.2843,
    0.202,
    0.2221,
    0.19745,
    0.25975,
    0.19575,
    0.28085,
    0.21275,
    0.1933,
    0.2005,
    0.17306666666666667,
    0.18353333333333333,
    0.17606666666666668,
    0.21373333333333333,
    0.17686666666666667,
    0.2202,
    0.24346666666666666,
    0.19736666666666666,
    0.223725,
    0.2418,
    0.213675,
    0.18445,
    0.237775,
    0.225225,
    0.215175,
    0.229225,
    0.21075,
    0.21725,
    0.22748,
    0.2107,
    0.21542,
    0.16994,
    0.18664,
    0.18728,
    0.1865,
    0.20856,
    0.19698,
    0.21768,
    0.25001666666666666,
    0.21748333333333333,
    0.22375,
    0.20191666666666666,
    0.19833333333333333,
    0.20005,
    0.19396666666666668,
    0.18255,
    0.20168333333333333,
    0.19583333333333333,
    0.24764285714285714,
    0.22137142857142858,
    0.20595714285714287,
    0.16271428571428573,
    0.20437142857142857,
    0.1686,
    0.20015714285714287,
    0.1871142857142857,
    0.21871428571428572,
    0.18742857142857142,
    0.214675,
    0.2292375,
    0.1789375,
    0.1826625,
    0.1850875,
    0.1749375,
    0.1826125,
    0.1893375,
    0.2054125,
    0.1707625,
    0.26454444444444447,
    0.2863777777777778,
    0.21867777777777778,
    0.18476666666666666,
    0.20315555555555556,
    0.21432222222222222,
    0.18688888888888888,
    0.1837111111111111,
    0.20752222222222222,
    0.18963333333333332,
    0.2652,
    0.27912,
    0.18883,
    0.24131,
    0.19579,
    0.21688,
    0.20696,
    0.24233,
    0.22313,
    0.20833
  ],
  "all_forgetting": [
    0.2385,
    0.16765,
    0.13656666666666667,
    0.15662500000000001,
    0.18502,
    0.1923333333333333,
    0.22092857142857145,
    0.20366249999999994,
    0.1920555555555556
  ],
  "per_task_acc": [
    [
      0.3899
    ],
    [
      0.15140000000000003,
      0.2741
    ],
    [
      0.17340000000000003,
      0.15619999999999998,
      0.26249999999999996
    ],
    [
      0.18270000000000003,
      0.1832,
      0.1785,
      0.32460000000000006
    ],
    [
      0.19540000000000002,
      0.18969999999999998,
      0.1453,
      0.1665,
      0.3915
    ],
    [
      0.1924,
      0.1656,
      0.12709999999999996,
      0.1643,
      0.17740000000000003,
      0.3482
    ],
    [
      0.2257,
      0.1596,
      0.11979999999999999,
      0.13490000000000002,
      0.1836,
      0.15689999999999998,
      0.3315
    ],
    [
      0.15669999999999998,
      0.10579999999999998,
      0.1119,
      0.14840000000000003,
      0.12079999999999999,
      0.14,
      0.13629999999999998,
      0.4462
    ],
    [
      0.1701,
      0.19390000000000002,
      0.1782,
      0.1434,
      0.1716,
      0.1627,
      0.14800000000000002,
      0.172,
      0.3668
    ],
    [
      0.1659,
      0.1443,
      0.1978,
      0.22369999999999995,
      0.18330000000000002,
      0.20929999999999999,
      0.1602,
      0.1957,
      0.207,
      0.39610000000000006
    ]
  ],
  "per_task_forget": [
    [
      0.0
    ],
    [
      0.2385,
      0.0
    ],
    [
      0.2165,
      0.11790000000000003,
      0.0
    ],
    [
      0.2072,
      0.09090000000000001,
      0.08399999999999996,
      0.0
    ],
    [
      0.1945,
      0.08440000000000003,
      0.11719999999999994,
      0.15810000000000005,
      0.0
    ],
    [
      0.19750000000000004,
      0.10850000000000001,
      0.1354,
      0.16030000000000005,
      0.21409999999999998,
      0.0
    ],
    [
      0.1642,
      0.11450000000000002,
      0.14269999999999997,
      0.18970000000000004,
      0.2079,
      0.19130000000000003,
      0.0
    ],
    [
      0.23320000000000005,
      0.16830000000000003,
      0.15059999999999996,
      0.17620000000000002,
      0.27070000000000005,
      0.2082,
      0.19520000000000004,
      0.0
    ],
    [
      0.21980000000000002,
      0.0802,
      0.08429999999999996,
      0.18120000000000006,
      0.2199,
      0.1855,
      0.1835,
      0.2742,
      0.0
    ],
    [
      0.22400000000000003,
      0.1298,
      0.06469999999999995,
      0.1009000000000001,
      0.2082,
      0.13890000000000002,
      0.1713,
      0.25049999999999994,
      0.15980000000000003,
      0.0
    ]
  ],
  "per_client_per_task_final": {
    "0": [
      0.189,
      0.231,
      0.284,
      0.347,
      0.165,
      0.383,
      0.063,
      0.22,
      0.277,
      0.398
    ],
    "1": [
      0.365,
      0.31,
      0.305,
      0.276,
      0.254,
      0.236,
      0.145,
      0.329,
      0.373,
      0.358
    ],
    "2": [
      0.283,
      0.227,
      0.241,
      0.223,
      0.258,
      0.219,
      0.222,
      0.217,
      0.284,
      0.3
    ],
    "3": [
      0.056,
      0.031,
      0.072,
      0.132,
      0.053,
      0.083,
      0.049,
      0.034,
      0.097,
      0.822
    ],
    "4": [
      0.136,
      0.136,
      0.183,
      0.367,
      0.303,
      0.169,
      0.384,
      0.316,
      0.357,
      0.373
    ],
    "5": [
      0.093,
      0.051,
      0.143,
      0.291,
      0.314,
      0.233,
      0.306,
      0.29,
      0.123,
      0.487
    ],
    "6": [
      0.178,
      0.1,
      0.166,
      0.212,
      0.13,
      0.34,
      0.261,
      0.145,
      0.179,
      0.436
    ],
    "7": [
      0.229,
      0.116,
      0.23,
      0.241,
      0.203,
      0.212,
      0.026,
      0.245,
      0.043,
      0.535
    ],
    "8": [
      0.046,
      0.132,
      0.106,
      0.098,
      0.146,
      0.063,
      0.039,
      0.138,
      0.136,
      0.04
    ],
    "9": [
      0.084,
      0.109,
      0.248,
      0.05,
      0.007,
      0.155,
      0.107,
      0.023,
      0.201,
      0.212
    ]
  },
  "per_client_per_task_history": [
    {
      "0": [
        0.33
      ],
      "1": [
        0.357
      ],
      "2": [
        0.263
      ],
      "3": [
        0.369
      ],
      "4": [
        0.356
      ],
      "5": [
        0.408
      ],
      "6": [
        0.552
      ],
      "7": [
        0.358
      ],
      "8": [
        0.41
      ],
      "9": [
        0.496
      ]
    },
    {
      "0": [
        0.195,
        0.183
      ],
      "1": [
        0.09,
        0.261
      ],
      "2": [
        0.098,
        0.19
      ],
      "3": [
        0.268,
        0.247
      ],
      "4": [
        0.112,
        0.276
      ],
      "5": [
        0.188,
        0.152
      ],
      "6": [
        0.213,
        0.155
      ],
      "7": [
        0.0,
        0.234
      ],
      "8": [
        0.199,
        0.843
      ],
      "9": [
        0.151,
        0.2
      ]
    },
    {
      "0": [
        0.139,
        0.121,
        0.267
      ],
      "1": [
        0.33,
        0.196,
        0.323
      ],
      "2": [
        0.076,
        0.129,
        0.357
      ],
      "3": [
        0.161,
        0.256,
        0.182
      ],
      "4": [
        0.317,
        0.135,
        0.059
      ],
      "5": [
        0.118,
        0.114,
        0.332
      ],
      "6": [
        0.277,
        0.024,
        0.252
      ],
      "7": [
        0.066,
        0.225,
        0.322
      ],
      "8": [
        0.065,
        0.257,
        0.332
      ],
      "9": [
        0.185,
        0.105,
        0.199
      ]
    },
    {
      "0": [
        0.112,
        0.206,
        0.162,
        0.271
      ],
      "1": [
        0.171,
        0.221,
        0.343,
        0.41
      ],
      "2": [
        0.171,
        0.133,
        0.122,
        0.83
      ],
      "3": [
        0.276,
        0.085,
        0.145,
        0.119
      ],
      "4": [
        0.156,
        0.07,
        0.211,
        0.092
      ],