{
  "final_accuracy": 0.09121,
  "forgetting_rate": 0.7479777777777777,
  "all_accuracies": [
    0.4535,
    0.5044,
    0.5462,
    0.5671,
    0.5893,
    0.605,
    0.628,
    0.6412,
    0.6467,
    0.6811,
    0.45305,
    0.4685,
    0.45245,
    0.478,
    0.48905,
    0.48095,
    0.48945,
    0.4808,
    0.48425,
    0.48265,
    0.37366666666666665,
    0.38366666666666666,
    0.3524333333333333,
    0.3722,
    0.36796666666666666,
    0.36173333333333335,
    0.3631666666666667,
    0.3593,
    0.3612666666666667,
    0.3663,
    0.300825,
    0.299725,
    0.28575,
    0.277275,
    0.271925,
    0.2699,
    0.2686,
    0.253725,
    0.258825,
    0.26395,
    0.23522,
    0.22486,
    0.21166,
    0.20806,
    0.19674,
    0.20416,
    0.19932,
    0.20338,
    0.1983,
    0.2006,
    0.18686666666666665,
    0.17788333333333334,
    0.17171666666666666,
    0.1717,
    0.16561666666666666,
    0.16058333333333333,
    0.16255,
    0.16086666666666666,
    0.1585,
    0.1639,
    0.14568571428571428,
    0.13732857142857144,
    0.13554285714285713,
    0.13055714285714284,
    0.13481428571428572,
    0.12825714285714285,
    0.13042857142857142,
    0.1328,
    0.12675714285714285,
    0.12682857142857143,
    0.1291625,
    0.11855,
    0.1147875,
    0.1121375,
    0.1193375,
    0.1096,
    0.1092375,
    0.1119625,
    0.110125,
    0.1138625,
    0.10698888888888888,
    0.10103333333333334,
    0.10124444444444444,
    0.09737777777777777,
    0.1035,
    0.10174444444444444,
    0.10245555555555555,
    0.09804444444444445,
    0.0995,
    0.09976666666666667,
    0.0979,
    0.09153,
    0.09353,
    0.08948,
    0.08883,
    0.09006,
    0.09209,
    0.09264,
    0.09327,
    0.09121
  ],
  "all_forgetting": [
    0.4840000000000001,
    0.5422,
    0.6345333333333334,
    0.6822750000000001,
    0.7090399999999998,
    0.7322500000000002,
    0.7342428571428571,
    0.7411375,
    0.7479777777777777
  ],
  "per_task_acc": [
    [
      0.6811
    ],
    [
      0.1971,
      0.7682
    ],
    [
      0.14650000000000002,
      0.2184,
      0.734
    ],
    [
      0.0994,
      0.09230000000000001,
      0.08800000000000001,
      0.7761
    ],
    [
      0.049600000000000005,
      0.0668,
      0.0475,
      0.0664,
      0.7727000000000002
    ],
    [
      0.0514,
      0.04360000000000001,
      0.028000000000000004,
      0.025,
      0.038900000000000004,
      0.7965
    ],
    [
      0.0172,
      0.037,
      0.0079,
      0.027000000000000003,
      0.0123,
      0.0337,
      0.7527
    ],
    [
      0.0218,
      0.0128,
      0.016300000000000002,
      0.021300000000000003,
      0.015600000000000003,
      0.020800000000000003,
      0.03300000000000001,
      0.7693
    ],
    [
      0.0126,
      0.0175,
      0.0112,
      0.024900000000000002,
      0.0067,
      0.016000000000000004,
      0.0164,
      0.016200000000000003,
      0.7764
    ],
    [
      0.0132,
      0.012,
      0.005,
      0.013000000000000001,
      0.007400000000000001,
      0.0107,
      0.0066,
      0.0092,
      0.018099999999999998,
      0.8168999999999998
    ]
  ],
  "per_task_forget": [
    [
      0.0
    ],
    [
      0.48400000000000004,
      0.0
    ],
    [
      0.5346,
      0.5498,
      0.0
    ],
    [
      0.5817,
      0.6759,
      0.646,
      0.0
    ],
    [
      0.6315000000000001,
      0.7014,
      0.6865,
      0.7097,
      0.0
    ],
    [
      0.6297,
      0.7246,
      0.706,
      0.7511,
      0.7338000000000001,
      0.0
    ],
    [
      0.6639,
      0.7312,
      0.7261,
      0.7491,
      0.7604000000000002,
      0.7628,
      0.0
    ],
    [
      0.6593,
      0.7554,
      0.7177,
      0.7548,
      0.7571000000000001,
      0.7757,
      0.7197,
      0.0
    ],
    [
      0.6685000000000001,
      0.7507,
      0.7228,
      0.7512,
      0.7660000000000001,
      0.7805,
      0.7363000000000001,
      0.7531,
      0.0
    ],
    [
      0.6679,
      0.7562,
      0.729,
      0.7631,
      0.7653000000000002,
      0.7857999999999999,
      0.7461,
      0.7601,
      0.7583,
      0.0
    ]
  ],
  "per_client_per_task_final": {
    "0": [
      0.021,
      0.007,
      0.004,
      0.025,
      0.014,
      0.026,
      0.002,
      0.0,
      0.021,
      0.732
    ],
    "1": [
      0.008,
      0.019,
      0.008,
      0.026,
      0.004,
      0.003,
      0.0,
      0.028,
      0.039,
      0.797
    ],
    "2": [
      0.011,
      0.05,
      0.001,
      0.002,
      0.0,
      0.0,
      0.002,
      0.004,
      0.0,
      0.888
    ],
    "3": [
      0.002,
      0.0,
      0.007,
      0.022,
      0.007,
      0.001,
      0.001,
      0.001,
      0.026,
      0.801
    ],
    "4": [
      0.002,
      0.003,
      0.0,
      0.0,
      0.01,
      0.001,
      0.0,
      0.024,
      0.056,
      0.826
    ],
    "5": [
      0.001,
      0.016,
      0.001,
      0.033,
      0.011,
      0.024,
      0.002,
      0.008,
      0.004,
      0.821
    ],
    "6": [
      0.076,
      0.004,
      0.002,
      0.01,
      0.008,
      0.03,
      0.054,
      0.007,
      0.003,
      0.806
    ],
    "7": [
      0.011,
      0.002,
      0.027,
      0.009,
      0.017,
      0.018,
      0.002,
      0.01,
      0.002,
      0.875
    ],
    "8": [
      0.0,
      0.013,
      0.0,
      0.003,
      0.003,
      0.004,
      0.0,
      0.0,
      0.001,
      0.736
    ],
    "9": [
      0.0,
      0.006,
      0.0,
      0.0,
      0.0,
      0.0,
      0.003,
      0.01,
      0.029,
      0.887
    ]
  },
  "per_client_per_task_history": [
    {
      "0": [
        0.707
      ],
      "1": [
        0.717
      ],
      "2": [
        0.684
      ],
      "3": [
        0.746
      ],
      "4": [
        0.686
      ],
      "5": [
        0.61
      ],
      "6": [
        0.65
      ],
      "7": [
        0.679
      ],
      "8": [
        0.638
      ],
      "9": [
        0.694
      ]
    },
    {
      "0": [
        0.282,
        0.783
      ],
      "1": [
        0.093,
        0.734
      ],
      "2": [
        0.185,
        0.802
      ],
      "3": [
        0.428,
        0.659
      ],
      "4": [
        0.22,
        0.762
      ],
      "5": [
        0.045,
        0.707
      ],
      "6": [
        0.237,
        0.709
      ],
      "7": [
        0.172,
        0.827
      ],
      "8": [
        0.13,
        0.844
      ],
      "9": [
        0.179,
        0.855
      ]
    },
    {
      "0": [
        0.165,
        0.05,
        0.71
      ],
      "1": [
        0.101,
        0.193,
        0.679
      ],
      "2": [
        0.161,
        0.183,
        0.724
      ],
      "3": [
        0.272,
        0.13,
        0.842
      ],
      "4": [
        0.08,
        0.205,
        0.774
      ],
      "5": [
        0.148,
        0.205,
        0.702
      ],
      "6": [
        0.2,
        0.177,
        0.629
      ],
      "7": [
        0.145,
        0.347,
        0.754
      ],
      "8": [
        0.096,
        0.403,
        0.785
      ],
      "9": [
        0.097,
        0.291,
        0.741
      ]
    },
    {
      "0": [
        0.098,
        0.108,
        0.044,
        0.832
      ],
      "1": [
        0.036,
        0.052,
        0.056,
        0.775
      ],
      "2": [
        0.041,
        0.038,
        0.027,
        0.796
      ],
      "3": [
        0.236,
        0.048,
        0.273,
        0.737
      ],
      "4": [
        0.059,
        0.109,
        0.122,
        0.74
      ],
      "5": [
        0.065,
        0.067,
        0.052,
        0.814
      ],
      "6": [
        0.131,
        0.083,
        0.009,
        0.797
      ],
      "7": [
        0.207,
        0.164,
        0.104,
        0.799
      ],
      "8": [
        0.012,
        0.14,
        0.15,
        0.639
      ],