{
  "final_accuracy": 0.8473958333333333,
  "forgetting_rate": 0.08095312500000003,
  "all_accuracies": [
    0.5534375,
    0.80484375,
    0.815703125,
    0.84890625,
    0.836015625,
    0.86015625,
    0.853125,
    0.805625,
    0.891171875,
    0.770390625,
    0.7128125,
    0.8220703125,
    0.8880078125,
    0.885390625,
    0.90140625,
    0.897109375,
    0.8830078125,
    0.8990234375,
    0.915859375,
    0.8926171875,
    0.7827604166666666,
    0.805546875,
    0.8667447916666666,
    0.8705729166666667,
    0.874921875,
    0.884375,
    0.8839322916666666,
    0.888203125,
    0.8933854166666667,
    0.8855208333333333,
    0.81673828125,
    0.82419921875,
    0.8642578125,
    0.86525390625,
    0.88390625,
    0.8723828125,
    0.88962890625,
    0.87103515625,
    0.8837890625,
    0.88859375,
    0.81421875,
    0.834609375,
    0.843953125,
    0.8735,
    0.872765625,
    0.859,
    0.8708125,
    0.863046875,
    0.86715625,
    0.876578125,
    0.7951953125,
    0.8205598958333333,
    0.8451432291666666,
    0.8461328125,
    0.8496484375,
    0.8492057291666667,
    0.8433723958333333,
    0.8504166666666667,
    0.8459765625,
    0.8473958333333333
  ],
  "all_forgetting": [
    0.0,
    0.0225,
    0.03744791666666665,
    0.05091796874999999,
    0.08095312500000003
  ],
  "per_task_acc": [
    [
      0.770390625
    ],
    [
      0.936640625,
      0.84859375
    ],
    [
      0.953828125,
      0.8890625,
      0.8136718749999999
    ],
    [
      0.9318749999999999,
      0.899765625,
      0.8709375000000001,
      0.851796875
    ],
    [
      0.866640625,
      0.9130468749999999,
      0.87328125,
      0.87859375,
      0.8513281250000001
    ],
    [
      0.8318749999999999,
      0.843984375,
      0.8624218750000001,
      0.8392968749999999,
      0.842421875,
      0.864375
    ]
  ],
  "per_task_forget": [
    [
      0.0
    ],
    [
      0.0,
      0.0
    ],
    [
      0.0,
      0.0,
      0.0
    ],
    [
      0.02195312500000013,
      0.0,
      0.0,
      0.0
    ],
    [
      0.08718749999999997,
      0.0,
      0.0,
      0.0,
      0.0
    ],
    [
      0.1219531250000001,
      0.06906249999999992,
      0.010859374999999893,
      0.03929687500000001,
      0.008906250000000115,
      0.0
    ]
  ],
  "emergence_results": null
}