{
  "final_accuracy": 0.8861197916666667,
  "forgetting_rate": 0.085953125,
  "all_accuracies": [
    0.908359375,
    0.9378125,
    0.96234375,
    0.970234375,
    0.974609375,
    0.978046875,
    0.9809375,
    0.983515625,
    0.983046875,
    0.9865625,
    0.9430859375,
    0.958515625,
    0.9550390625,
    0.9517578125,
    0.9584765625,
    0.9551953125,
    0.9609375,
    0.95765625,
    0.9629296875,
    0.957109375,
    0.9409895833333334,
    0.945078125,
    0.946484375,
    0.9454166666666667,
    0.949453125,
    0.94640625,
    0.9440885416666667,
    0.9486979166666667,
    0.9498177083333333,
    0.9444791666666666,
    0.921015625,
    0.9258984375,
    0.9259765625,
    0.9228515625,
    0.9268359375,
    0.92302734375,
    0.92435546875,
    0.923515625,
    0.9240625,
    0.919140625,
    0.913609375,
    0.91771875,
    0.917859375,
    0.916546875,
    0.91834375,
    0.91909375,
    0.91571875,
    0.9155625,
    0.917046875,
    0.91565625,
    0.8819661458333333,
    0.8854817708333333,
    0.8847005208333333,
    0.8859765625,
    0.882578125,
    0.8836328125,
    0.8829817708333333,
    0.8852994791666666,
    0.879140625,
    0.8861197916666667
  ],
  "all_forgetting": [
    0.03437499999999999,
    0.03074218750000001,
    0.05789062500000003,
    0.05339843750000002,
    0.085953125
  ],
  "per_task_acc": [
    [
      0.9865625
    ],
    [
      0.9521875,
      0.96203125
    ],
    [
      0.951015625,
      0.939140625,
      0.94328125
    ],
    [
      0.9326562500000001,
      0.895703125,
      0.8969531249999999,
      0.95125
    ],
    [
      0.9154687500000002,
      0.9134375,
      0.89859375,
      0.9091406250000001,
      0.941640625
    ],
    [
      0.8364843750000001,
      0.855,
      0.8846875000000001,
      0.879921875,
      0.9060156250000001,
      0.954609375
    ]
  ],
  "per_task_forget": [
    [
      0.0
    ],
    [
      0.034375000000000044,
      0.0
    ],
    [
      0.03554687499999998,
      0.022890625000000053,
      0.0
    ],
    [
      0.05390624999999993,
      0.06632812499999996,
      0.04632812500000005,
      0.0
    ],
    [
      0.07109374999999984,
      0.04859374999999999,
      0.04468749999999999,
      0.04210937499999989,
      0.0
    ],
    [
      0.15007812499999995,
      0.10703125000000002,
      0.05859374999999989,
      0.07132812500000008,
      0.03562499999999991,
      0.0
    ]
  ],
  "emergence_results": null
}