{
  "final_accuracy": 0.19393,
  "forgetting_rate": 0.4358333333333334,
  "all_accuracies": [
    0.2171,
    0.2574,
    0.2988,
    0.3508,
    0.3912,
    0.4313,
    0.4557,
    0.5193,
    0.5068,
    0.5502,
    0.37215,
    0.3543,
    0.35895,
    0.34045,
    0.36085,
    0.3497,
    0.37715,
    0.36365,
    0.3358,
    0.3255,
    0.3126,
    0.2629666666666667,
    0.2832,
    0.2949333333333333,
    0.2869,
    0.28163333333333335,
    0.2711,
    0.24636666666666668,
    0.2776,
    0.2584,
    0.285575,
    0.276225,
    0.2644,
    0.254275,
    0.251,
    0.263,
    0.238375,
    0.24255,
    0.2346,
    0.2354,
    0.24006,
    0.21662,
    0.20254,
    0.20558,
    0.19752,
    0.20634,
    0.18524,
    0.1978,
    0.1919,
    0.20808,
    0.22691666666666666,
    0.22498333333333334,
    0.2121,
    0.20775,
    0.21486666666666668,
    0.19323333333333334,
    0.20183333333333334,
    0.19865,
    0.2092,
    0.20898333333333333,
    0.19205714285714287,
    0.17585714285714285,
    0.20484285714285713,
    0.1735,
    0.17741428571428572,
    0.16002857142857144,
    0.1726,
    0.17002857142857142,
    0.17794285714285715,
    0.15017142857142857,
    0.1922125,
    0.196125,
    0.19965,
    0.1817125,
    0.1898875,
    0.18425,
    0.177375,
    0.197625,
    0.173,
    0.1797875,
    0.19191111111111112,
    0.1812,
    0.19834444444444443,
    0.16698888888888888,
    0.17186666666666667,
    0.1647111111111111,
    0.15702222222222223,
    0.15015555555555554,
    0.1711111111111111,
    0.1874222222222222,
    0.20064,
    0.21894,
    0.18041,
    0.19592,
    0.17837,
    0.19015,
    0.18746,
    0.20115,
    0.18004,
    0.19393
  ],
  "all_forgetting": [
    0.3696,
    0.3728,
    0.3751,
    0.41122499999999995,
    0.4071600000000001,
    0.4711833333333333,
    0.4395142857142857,
    0.43279999999999996,
    0.4358333333333334
  ],
  "per_task_acc": [
    [
      0.5501999999999999
    ],
    [
      0.18059999999999998,
      0.4704
    ],
    [
      0.1182,
      0.1568,
      0.5002
    ],
    [
      0.11810000000000001,
      0.1558,
      0.1216,
      0.5461
    ],
    [
      0.11330000000000003,
      0.1093,
      0.09409999999999999,
      0.10529999999999999,
      0.6184000000000001
    ],
    [
      0.11609999999999998,
      0.15009999999999998,
      0.1382,
      0.1022,
      0.1446,
      0.6027
    ],
    [
      0.1002,
      0.098,
      0.05389999999999999,
      0.0613,
      0.0603,
      0.08889999999999999,
      0.5885999999999999
    ],
    [
      0.13599999999999998,
      0.1137,
      0.11950000000000001,
      0.11100000000000002,
      0.087,
      0.11679999999999999,
      0.11769999999999999,
      0.6366
    ],
    [
      0.14170000000000002,
      0.15520000000000003,
      0.1454,
      0.1145,
      0.12209999999999999,
      0.1326,
      0.1127,
      0.1283,
      0.6343
    ],
    [
      0.1309,
      0.1319,
      0.1456,
      0.1598,
      0.11510000000000001,
      0.12820000000000004,
      0.12039999999999998,
      0.1455,
      0.1493,
      0.7125999999999999
    ]
  ],
  "per_task_forget": [
    [
      0.0
    ],
    [
      0.36959999999999993,
      0.0
    ],
    [
      0.43199999999999994,
      0.3136,
      0.0
    ],
    [
      0.43209999999999993,
      0.3146,
      0.3786,
      0.0
    ],
    [
      0.4368999999999999,
      0.3611,
      0.4061,
      0.4408,
      0.0
    ],
    [
      0.43409999999999993,
      0.32030000000000003,
      0.362,
      0.4439,
      0.47380000000000005,
      0.0
    ],
    [
      0.4499999999999999,
      0.37239999999999995,
      0.4463,
      0.4848,
      0.5581,
      0.5138,
      0.0
    ],
    [
      0.4141999999999999,
      0.3567,
      0.3807,
      0.43510000000000004,
      0.5314000000000001,
      0.4859,
      0.47089999999999993,
      0.0
    ],
    [
      0.40849999999999986,
      0.3151999999999999,
      0.3548,
      0.43160000000000004,
      0.4963000000000001,
      0.4701,
      0.4758999999999999,
      0.5083000000000001,
      0.0
    ],
    [
      0.4192999999999999,
      0.3385,
      0.35459999999999997,
      0.38630000000000003,
      0.5033000000000001,
      0.4745,
      0.46819999999999995,
      0.4911000000000001,
      0.485,
      0.0
    ]
  ],
  "emergence_results": null
}