{
  "final_accuracy": 0.20524739583333335,
  "forgetting_rate": 0.7331875,
  "all_accuracies": [
    0.3125,
    0.314375,
    0.62578125,
    0.6215625,
    0.64125,
    0.662421875,
    0.67609375,
    0.695078125,
    0.7059375,
    0.71921875,
    0.4269140625,
    0.468515625,
    0.5004296875,
    0.5093359375,
    0.528671875,
    0.5367578125,
    0.5567578125,
    0.551484375,
    0.5644921875,
    0.573359375,
    0.37536458333333333,
    0.16768229166666668,
    0.2626041666666667,
    0.29997395833333335,
    0.3371354166666667,
    0.34518229166666664,
    0.37669270833333335,
    0.378515625,
    0.40848958333333335,
    0.425859375,
    0.24642578125,
    0.2459765625,
    0.2433984375,
    0.256796875,
    0.2670703125,
    0.270703125,
    0.28462890625,
    0.2994140625,
    0.3038671875,
    0.29404296875,
    0.30409375,
    0.26984375,
    0.260796875,
    0.29371875,
    0.304484375,
    0.315125,
    0.32021875,
    0.324828125,
    0.32890625,
    0.331234375,
    0.21440104166666665,
    0.1675,
    0.1978125,
    0.20540364583333334,
    0.210078125,
    0.21361979166666667,
    0.21119791666666668,
    0.212421875,
    0.20966145833333333,
    0.20524739583333335
  ],
  "all_forgetting": [
    0.46921874999999996,
    0.5594140625,
    0.6741145833333332,
    0.60130859375,
    0.7331875
  ],
  "per_task_acc": [
    [
      0.71921875
    ],
    [
      0.374609375,
      0.7721093750000001
    ],
    [
      0.094453125,
      0.43164062500000006,
      0.751484375
    ],
    [
      0.0,
      0.044140625,
      0.385390625,
      0.746640625
    ],
    [
      0.0,
      0.051328125,
      0.290859375,
      0.49234374999999997,
      0.821640625
    ],
    [
      0.0021875,
      0.024453125,
      0.12421874999999999,
      0.036875,
      0.219609375,
      0.8241406250000001
    ]
  ],
  "per_task_forget": [
    [
      0.0
    ],
    [
      0.344609375,
      0.0
    ],
    [
      0.624765625,
      0.34046875000000004,
      0.0
    ],
    [
      0.71921875,
      0.72796875,
      0.36609375,
      0.0
    ],
    [
      0.71921875,
      0.7207812500000002,
      0.460625,
      0.254296875,
      0.0
    ],
    [
      0.71703125,
      0.7476562500000001,
      0.6272656249999999,
      0.709765625,
      0.60203125,
      0.0
    ]
  ],
  "emergence_results": null
}