{
  "final_accuracy": 0.16188802083333334,
  "forgetting_rate": 0.977703125,
  "all_accuracies": [
    0.951875,
    0.96390625,
    0.969921875,
    0.973046875,
    0.975,
    0.97796875,
    0.97859375,
    0.979453125,
    0.979921875,
    0.980390625,
    0.489296875,
    0.4909765625,
    0.4915625,
    0.491015625,
    0.4914453125,
    0.491484375,
    0.4914453125,
    0.4912890625,
    0.491484375,
    0.491484375,
    0.30734375,
    0.31416666666666665,
    0.31549479166666666,
    0.31947916666666665,
    0.32028645833333336,
    0.3206510416666667,
    0.32080729166666666,
    0.32203125,
    0.3219270833333333,
    0.32208333333333333,
    0.2411328125,
    0.243515625,
    0.24365234375,
    0.24392578125,
    0.24439453125,
    0.24447265625,
    0.24509765625,
    0.245,
    0.24505859375,
    0.2449609375,
    0.192921875,
    0.194359375,
    0.1949375,
    0.195203125,
    0.19546875,
    0.19559375,
    0.1956875,
    0.195609375,
    0.195875,
    0.195859375,
    0.155390625,
    0.15772135416666666,
    0.15920572916666667,
    0.16057291666666668,
    0.16100260416666667,
    0.1613671875,
    0.16173177083333334,
    0.16177083333333334,
    0.1618359375,
    0.16188802083333334
  ],
  "all_forgetting": [
    0.9803906249999998,
    0.9816796875,
    0.9765364583333334,
    0.9773046875000001,
    0.977703125
  ],
  "per_task_acc": [
    [
      0.9803906249999998
    ],
    [
      0.0,
      0.98296875
    ],
    [
      0.0,
      0.0,
      0.96625
    ],
    [
      0.0,
      0.0,
      0.0,
      0.97984375
    ],
    [
      0.0,
      0.0,
      0.0,
      0.000234375,
      0.9790625
    ],
    [
      0.0,
      0.0,
      0.0,
      0.0,
      0.0,
      0.9713281249999999
    ]
  ],
  "per_task_forget": [
    [
      0.0
    ],
    [
      0.9803906249999998,
      0.0
    ],
    [
      0.9803906249999998,
      0.98296875,
      0.0
    ],
    [
      0.9803906249999998,
      0.98296875,
      0.96625,
      0.0
    ],
    [
      0.9803906249999998,
      0.98296875,
      0.96625,
      0.979609375,
      0.0
    ],
    [
      0.9803906249999998,
      0.98296875,
      0.96625,
      0.97984375,
      0.9790625,
      0.0
    ]
  ],
  "emergence_results": null
}