{
  "final_accuracy": 0.38533,
  "forgetting_rate": 0.04377777777777776,
  "all_accuracies": [
    0.1235,
    0.1484,
    0.1838,
    0.1715,
    0.1775,
    0.2175,
    0.2005,
    0.2011,
    0.1963,
    0.2069,
    0.16395,
    0.15825,
    0.19925,
    0.1968,
    0.1845,
    0.18715,
    0.19695,
    0.2003,
    0.204,
    0.1963,
    0.1583,
    0.1795,
    0.1485,
    0.18623333333333333,
    0.1783,
    0.1804,
    0.1683,
    0.167,
    0.1632,
    0.155,
    0.134225,
    0.1707,
    0.17835,
    0.153275,
    0.1813,
    0.16815,
    0.17115,
    0.17705,
    0.157725,
    0.185025,
    0.18684,
    0.18944,
    0.21024,
    0.18846,
    0.17612,
    0.2143,
    0.20446,
    0.23272,
    0.19802,
    0.21298,
    0.21035,
    0.2279,
    0.23198333333333335,
    0.2547333333333333,
    0.23296666666666666,
    0.26743333333333336,
    0.24425,
    0.24441666666666667,
    0.27521666666666667,
    0.2725,
    0.23725714285714286,
    0.2562142857142857,
    0.2575857142857143,
    0.25557142857142856,
    0.26398571428571427,
    0.2679,
    0.2790285714285714,
    0.2696571428571429,
    0.2556857142857143,
    0.2649285714285714,
    0.260875,
    0.287575,
    0.3111625,
    0.282675,
    0.307225,
    0.29705,
    0.3059875,
    0.316125,
    0.30075,
    0.3064875,
    0.30433333333333334,
    0.3414333333333333,
    0.32406666666666667,
    0.34044444444444444,
    0.33682222222222225,
    0.34674444444444447,
    0.3444888888888889,
    0.3362111111111111,
    0.3559,
    0.3437222222222222,
    0.30876,
    0.35859,
    0.36027,
    0.36771,
    0.34948,
    0.36544,
    0.38616,
    0.35515,
    0.34566,
    0.38533
  ],
  "all_forgetting": [
    0.1066,
    0.15615,
    0.10739999999999998,
    0.08902499999999999,
    0.05424,
    0.07993333333333333,
    0.06502857142857144,
    0.05278750000000001,
    0.04377777777777776
  ],
  "per_task_acc": [
    [
      0.2069
    ],
    [
      0.10819999999999999,
      0.28440000000000004
    ],
    [
      0.08249999999999999,
      0.1159,
      0.2666
    ],
    [
      0.1526,
      0.15530000000000002,
      0.1561,
      0.2761
    ],
    [
      0.1805,
      0.2699,
      0.14490000000000003,
      0.16280000000000003,
      0.3068000000000001
    ],
    [
      0.27880000000000005,
      0.28779999999999994,
      0.2448,
      0.21999999999999997,
      0.26409999999999995,
      0.33949999999999997
    ],
    [
      0.2788,
      0.30029999999999996,
      0.1923,
      0.2577,
      0.24369999999999997,
      0.2828,
      0.2989
    ],
    [
      0.3173,
      0.30569999999999997,
      0.29849999999999993,
      0.28439999999999993,
      0.26970000000000005,
      0.3099,
      0.3103000000000001,
      0.35609999999999997
    ],
    [
      0.32189999999999996,
      0.35910000000000003,
      0.33659999999999995,
      0.33649999999999997,
      0.3411,
      0.3404999999999999,
      0.3042,
      0.3464,
      0.4072
    ],
    [
      0.374,
      0.37029999999999996,
      0.3669,
      0.38560000000000005,
      0.36049999999999993,
      0.38459999999999994,
      0.3597,
      0.3774,
      0.38160000000000005,
      0.49269999999999997
    ]
  ],
  "per_task_forget": [
    [
      0.0
    ],
    [
      0.09870000000000001,
      0.0
    ],
    [
      0.12440000000000001,
      0.16850000000000004,
      0.0
    ],
    [
      0.05429999999999999,
      0.12910000000000002,
      0.11050000000000001,
      0.0
    ],
    [
      0.026400000000000007,
      0.014500000000000068,
      0.12169999999999997,
      0.11329999999999998,
      0.0
    ],
    [
      0.0,
      0.0,
      0.021800000000000014,
      0.05610000000000004,
      0.04270000000000013,
      0.0
    ],
    [
      5.551115123125783e-17,
      0.0,
      0.0743,
      0.018400000000000027,
      0.0631000000000001,
      0.05669999999999997,
      0.0
    ],
    [
      0.0,
      0.0,
      0.0,
      0.0,
      0.03710000000000002,
      0.02959999999999996,
      0.0,
      0.0
    ],
    [
      0.0,
      0.0,
      0.0,
      0.0,
      0.0,
      0.0,
      0.00610000000000005,
      0.009699999999999986,
      0.0
    ],
    [
      0.0,
      0.0,
      0.0,
      0.0,
      0.0,
      0.0,
      0.0,
      0.0,
      0.025599999999999956,
      0.0
    ]
  ],
  "emergence_results": null
}