{
  "final_accuracy": 0.09992,
  "forgetting_rate": 0.25447777777777786,
  "all_accuracies": [
    0.1137,
    0.1538,
    0.196,
    0.2141,
    0.2155,
    0.1937,
    0.2321,
    0.2375,
    0.2229,
    0.2264,
    0.1503,
    0.13945,
    0.17165,
    0.16285,
    0.1814,
    0.175,
    0.1899,
    0.1722,
    0.21035,
    0.1765,
    0.1175,
    0.1047,
    0.10746666666666667,
    0.12806666666666666,
    0.11863333333333333,
    0.1267,
    0.106,
    0.1277,
    0.1191,
    0.13393333333333332,
    0.123,
    0.128475,
    0.131325,
    0.117425,
    0.11965,
    0.131075,
    0.1068,
    0.137875,
    0.123275,
    0.129975,
    0.1071,
    0.08312,
    0.10018,
    0.10958,
    0.10084,
    0.1,
    0.09884,
    0.10666,
    0.10172,
    0.09268,
    0.1073,
    0.09601666666666667,
    0.10651666666666666,
    0.11021666666666667,
    0.10581666666666667,
    0.10858333333333334,
    0.09676666666666667,
    0.0843,
    0.09276666666666666,
    0.093,
    0.104,
    0.09051428571428571,
    0.10435714285714286,
    0.10411428571428571,
    0.08754285714285714,
    0.0897,
    0.08221428571428571,
    0.08257142857142857,
    0.08111428571428571,
    0.0939,
    0.1095625,
    0.1238,
    0.096275,
    0.1078875,
    0.0901625,
    0.098375,
    0.107775,
    0.090125,
    0.107775,
    0.0946125,
    0.08104444444444445,
    0.09205555555555556,
    0.09465555555555556,
    0.08287777777777777,
    0.08258888888888889,
    0.08768888888888889,
    0.08128888888888888,
    0.08194444444444444,
    0.08253333333333333,
    0.07122222222222223,
    0.11614,
    0.13788,
    0.1159,
    0.11979,
    0.09771,
    0.11185,
    0.10521,
    0.11247,
    0.10588,
    0.09992
  ],
  "all_forgetting": [
    0.17819999999999997,
    0.2191,
    0.2126666666666667,
    0.2551,
    0.25736000000000003,
    0.2528166666666667,
    0.25444285714285714,
    0.27716250000000014,
    0.25447777777777786
  ],
  "per_task_acc": [
    [
      0.2264
    ],
    [
      0.0482,
      0.3048
    ],
    [
      0.0489,
      0.0455,
      0.3074
    ],
    [
      0.07329999999999999,
      0.054400000000000004,
      0.0743,
      0.3179
    ],
    [
      0.0387,
      0.0328,
      0.025500000000000002,
      0.040499999999999994,
      0.3259
    ],
    [
      0.04830000000000001,
      0.0519,
      0.0373,
      0.0323,
      0.041100000000000005,
      0.3471
    ],
    [
      0.0698,
      0.0685,
      0.0437,
      0.023300000000000005,
      0.0617,
      0.06090000000000001,
      0.3294
    ],
    [
      0.05820000000000001,
      0.045399999999999996,
      0.0519,
      0.05329999999999999,
      0.059699999999999996,
      0.07170000000000001,
      0.0529,
      0.3638
    ],
    [
      0.03,
      0.0324,
      0.0371,
      0.0421,
      0.0387,
      0.0386,
      0.0405,
      0.06130000000000001,
      0.32030000000000003
    ],
    [
      0.065,
      0.0513,
      0.0536,
      0.07600000000000001,
      0.056600000000000004,
      0.04819999999999999,
      0.0927,
      0.0513,
      0.0819,
      0.4226
    ]
  ],
  "per_task_forget": [
    [
      0.0
    ],
    [
      0.1782,
      0.0
    ],
    [
      0.1775,
      0.25930000000000003,
      0.0
    ],
    [
      0.1531,
      0.2504,
      0.2331,
      0.0
    ],
    [
      0.18769999999999998,
      0.272,
      0.2819,
      0.27740000000000004,
      0.0
    ],
    [
      0.17809999999999998,
      0.2529,
      0.2701,
      0.2856,
      0.2848,
      0.0
    ],
    [
      0.1566,
      0.2363,
      0.2637,
      0.29460000000000003,
      0.26420000000000005,
      0.2862,
      0.0
    ],
    [
      0.1682,
      0.2594,
      0.2555,
      0.2646,
      0.26620000000000005,
      0.2754,
      0.2765,
      0.0
    ],
    [
      0.1964,
      0.27240000000000003,
      0.2703,
      0.27580000000000005,
      0.2872,
      0.3085,
      0.28890000000000005,
      0.3025,
      0.0
    ],
    [
      0.1614,
      0.2535,
      0.2538,
      0.2419,
      0.26930000000000004,
      0.29890000000000005,
      0.23670000000000002,
      0.3125,
      0.23840000000000003,
      0.0
    ]
  ],
  "emergence_results": null
}