{
  "final_accuracy": 0.07291666666666667,
  "forgetting_rate": 0.05,
  "all_accuracies": [
    0.05515625,
    0.062421875,
    0.062734375,
    0.0625,
    0.0625,
    0.0625,
    0.0625,
    0.0625,
    0.0625,
    0.0625,
    0.15625,
    0.15625,
    0.15625,
    0.15625,
    0.15625,
    0.15625,
    0.15625,
    0.125,
    0.125,
    0.125,
    0.08333333333333333,
    0.08333333333333333,
    0.08333333333333333,
    0.08333333333333333,
    0.08333333333333333,
    0.08333333333333333,
    0.08333333333333333,
    0.08333333333333333,
    0.08333333333333333,
    0.08333333333333333,
    0.0625,
    0.0625,
    0.10384765625,
    0.109375,
    0.109375,
    0.109375,
    0.109375,
    0.109375,
    0.109375,
    0.109375,
    0.0875,
    0.0875,
    0.0875,
    0.0875,
    0.0875,
    0.0875,
    0.0875,
    0.0875,
    0.0875,
    0.0875,
    0.07291666666666667,
    0.07291666666666667,
    0.07291666666666667,
    0.07291666666666667,
    0.07291666666666667,
    0.07291666666666667,
    0.07291666666666667,
    0.07291666666666667,
    0.07291666666666667,
    0.07291666666666667
  ],
  "all_forgetting": [
    0.0625,
    0.03125,
    0.08333333333333333,
    0.0625,
    0.05
  ],
  "per_task_acc": [
    [
      0.0625
    ],
    [
      0.25,
      0.0
    ],
    [
      0.25,
      0.0,
      0.0
    ],
    [
      0.0625,
      0.25,
      0.125,
      0.0
    ],
    [
      0.0625,
      0.25,
      0.125,
      0.0,
      0.0
    ],
    [
      0.0625,
      0.25,
      0.125,
      0.0,
      0.0,
      0.0
    ]
  ],
  "per_task_forget": [
    [
      0.0
    ],
    [
      0.0,
      0.0
    ],
    [
      0.0,
      0.0,
      0.0
    ],
    [
      0.1875,
      0.0,
      0.0,
      0.0
    ],
    [
      0.1875,
      0.0,
      0.0,
      0.0,
      0.0
    ],
    [
      0.1875,
      0.0,
      0.0,
      0.0,
      0.0,
      0.0
    ]
  ],
  "emergence_results": null
}