{
  "final_accuracy": 0.8638932291666667,
  "forgetting_rate": 0.121484375,
  "all_accuracies": [
    0.908359375,
    0.9378125,
    0.96234375,
    0.970234375,
    0.974609375,
    0.98109375,
    0.9765625,
    0.98671875,
    0.98328125,
    0.98484375,
    0.947109375,
    0.9587890625,
    0.96484375,
    0.9650390625,
    0.9655859375,
    0.966015625,
    0.9663671875,
    0.966015625,
    0.9660546875,
    0.965703125,
    0.9265885416666667,
    0.9432552083333333,
    0.9446614583333334,
    0.944296875,
    0.944140625,
    0.9439583333333333,
    0.943671875,
    0.94390625,
    0.943515625,
    0.943125,
    0.9165625,
    0.92138671875,
    0.92150390625,
    0.920390625,
    0.9194921875,
    0.91880859375,
    0.91828125,
    0.91748046875,
    0.91650390625,
    0.915859375,
    0.903640625,
    0.9058125,
    0.9060625,
    0.906125,
    0.904921875,
    0.904296875,
    0.90315625,
    0.902703125,
    0.9020625,
    0.90178125,
    0.8721223958333333,
    0.8748828125,
    0.8738932291666667,
    0.8724739583333333,
    0.8704296875,
    0.8692057291666667,
    0.867421875,
    0.8663151041666667,
    0.8649739583333333,
    0.8638932291666667
  ],
  "all_forgetting": [
    0.02499999999999998,
    0.04519531249999999,
    0.07033854166666668,
    0.08267578125000002,
    0.121484375
  ],
  "per_task_acc": [
    [
      0.9848437499999999
    ],
    [
      0.95984375,
      0.9715625
    ],
    [
      0.9278125,
      0.938203125,
      0.9633593750000001
    ],
    [
      0.9081250000000001,
      0.8817187499999999,
      0.9189062499999999,
      0.9546875000000001
    ],
    [
      0.87328125,
      0.8715625000000001,
      0.89203125,
      0.9068750000000001,
      0.9651562499999999
    ],
    [
      0.7949999999999999,
      0.798828125,
      0.8527343750000002,
      0.86953125,
      0.9160937499999999,
      0.9511718749999999
    ]
  ],
  "per_task_forget": [
    [
      0.0
    ],
    [
      0.02499999999999991,
      0.0
    ],
    [
      0.05703124999999987,
      0.03335937499999997,
      0.0
    ],
    [
      0.07671874999999984,
      0.08984375000000011,
      0.044453125000000204,
      0.0
    ],
    [
      0.1115624999999999,
      0.09999999999999987,
      0.07132812500000008,
      0.047812500000000036,
      0.0
    ],
    [
      0.18984374999999998,
      0.172734375,
      0.11062499999999997,
      0.08515625000000016,
      0.04906250000000001,
      0.0
    ]
  ],
  "emergence_results": null
}