{
  "final_accuracy": 0.1265,
  "forgetting_rate": 0.6685555555555558,
  "all_accuracies": [
    0.3707,
    0.411,
    0.4473,
    0.502,
    0.5066,
    0.5383,
    0.576,
    0.6041,
    0.5987,
    0.6343,
    0.4111,
    0.40025,
    0.37915,
    0.37865,
    0.39435,
    0.39475,
    0.4113,
    0.38995,
    0.4123,
    0.42585,
    0.3652,
    0.32656666666666667,
    0.3187333333333333,
    0.3202,
    0.3126333333333333,
    0.318,
    0.31503333333333333,
    0.3166333333333333,
    0.3158,
    0.3175,
    0.31425,
    0.263525,
    0.259625,
    0.255775,
    0.244,
    0.24575,
    0.251725,
    0.237775,
    0.233625,
    0.232325,
    0.21146,
    0.19266,
    0.1858,
    0.18272,
    0.19052,
    0.19574,
    0.18532,
    0.18686,
    0.1874,
    0.19176,
    0.17438333333333333,
    0.1666,
    0.16395,
    0.16925,
    0.16843333333333332,
    0.15991666666666668,
    0.15501666666666666,
    0.1564,
    0.16105,
    0.17108333333333334,
    0.1432857142857143,
    0.13172857142857142,
    0.13442857142857143,
    0.13114285714285714,
    0.13377142857142857,
    0.13005714285714284,
    0.13214285714285715,
    0.14011428571428572,
    0.14411428571428572,
    0.13074285714285713,
    0.1358625,
    0.1210125,
    0.138275,
    0.1196,
    0.12715,
    0.1234875,
    0.1268375,
    0.1375375,
    0.12735,
    0.128075,
    0.12315555555555556,
    0.1184111111111111,
    0.11713333333333334,
    0.10672222222222222,
    0.11555555555555555,
    0.11511111111111111,
    0.11053333333333333,
    0.1149,
    0.12918888888888888,
    0.11854444444444444,
    0.11682,
    0.13429,
    0.12024,
    0.12414,
    0.13562,
    0.1236,
    0.11798,
    0.12847,
    0.12165,
    0.1265
  ],
  "all_forgetting": [
    0.47189999999999993,
    0.54015,
    0.5989000000000001,
    0.627975,
    0.6409400000000001,
    0.6741,
    0.6732285714285715,
    0.67865,
    0.6685555555555558
  ],
  "per_task_acc": [
    [
      0.6343
    ],
    [
      0.16239999999999996,
      0.6893
    ],
    [
      0.10200000000000001,
      0.14129999999999998,
      0.7091999999999998
    ],
    [
      0.08560000000000001,
      0.0854,
      0.06510000000000002,
      0.6932
    ],
    [
      0.0603,
      0.059399999999999994,
      0.0445,
      0.0499,
      0.7447000000000001
    ],
    [
      0.0723,
      0.06239999999999999,
      0.03270000000000001,
      0.0452,
      0.0534,
      0.7605000000000001
    ],
    [
      0.035800000000000005,
      0.05000000000000001,
      0.0172,
      0.0162,
      0.0289,
      0.038500000000000006,
      0.7285999999999999
    ],
    [
      0.0379,
      0.0422,
      0.03480000000000001,
      0.033100000000000004,
      0.021500000000000002,
      0.0267,
      0.051000000000000004,
      0.7773999999999999
    ],
    [
      0.0413,
      0.0416,
      0.045700000000000005,
      0.026500000000000003,
      0.029600000000000005,
      0.04990000000000001,
      0.032100000000000004,
      0.0413,
      0.7588999999999999
    ],
    [
      0.0502,
      0.054900000000000004,
      0.0405,
      0.0697,
      0.0437,
      0.05910000000000002,
      0.0353,
      0.0538,
      0.07189999999999999,
      0.7859
    ]
  ],
  "per_task_forget": [
    [
      0.0
    ],
    [
      0.4719,
      0.0
    ],
    [
      0.5323,
      0.548,
      0.0
    ],
    [
      0.5487,
      0.6039,
      0.6440999999999998,
      0.0
    ],
    [
      0.574,
      0.6299,
      0.6646999999999998,
      0.6433,
      0.0
    ],
    [
      0.5619999999999999,
      0.6269,
      0.6764999999999999,
      0.648,
      0.6913000000000001,
      0.0
    ],
    [
      0.5984999999999999,
      0.6393,
      0.6919999999999998,
      0.677,
      0.7158000000000001,
      0.7220000000000001,
      0.0
    ],
    [
      0.5963999999999999,
      0.6471,
      0.6743999999999998,
      0.6601,
      0.7232000000000002,
      0.7338,
      0.6775999999999999,
      0.0
    ],
    [
      0.593,
      0.6477,
      0.6634999999999999,
      0.6667000000000001,
      0.7151000000000002,
      0.7106,
      0.6964999999999999,
      0.7360999999999999,
      0.0
    ],
    [
      0.5841,
      0.6344000000000001,
      0.6686999999999999,
      0.6235,
      0.7010000000000002,
      0.7014,
      0.6932999999999999,
      0.7235999999999999,
      0.6869999999999999,
      0.0
    ]
  ],
  "per_client_per_task_final": {
    "0": [
      0.117,
      0.134,
      0.072,
      0.24,
      0.095,
      0.334,
      0.075,
      0.085,
      0.151,
      0.745
    ],
    "1": [
      0.049,
      0.071,
      0.01,
      0.109,
      0.043,
      0.002,
      0.012,
      0.135,
      0.074,
      0.827
    ],
    "2": [
      0.151,
      0.139,
      0.058,
      0.041,
      0.035,
      0.057,
      0.034,
      0.061,
      0.08,
      0.897
    ],
    "3": [
      0.058,
      0.046,
      0.087,
      0.119,
      0.02,
      0.021,
      0.022,
      0.02,
      0.109,
      0.811
    ],
    "4": [
      0.001,
      0.001,
      0.063,
      0.009,
      0.026,
      0.006,
      0.018,
      0.095,
      0.123,
      0.779
    ],
    "5": [
      0.002,
      0.022,
      0.031,
      0.087,
      0.104,
      0.016,
      0.072,
      0.042,
      0.011,
      0.774
    ],
    "6": [
      0.057,
      0.006,
      0.025,
      0.027,
      0.023,
      0.067,
      0.088,
      0.004,
      0.072,
      0.766
    ],
    "7": [
      0.043,
      0.0,
      0.022,
      0.0,
      0.003,
      0.017,
      0.004,
      0.045,
      0.008,
      0.773
    ],
    "8": [
      0.019,
      0.117,
      0.024,
      0.045,
      0.072,
      0.048,
      0.014,
      0.048,
      0.036,
      0.704
    ],
    "9": [
      0.005,
      0.013,
      0.013,
      0.02,
      0.016,
      0.023,
      0.014,
      0.003,
      0.055,
      0.783
    ]
  },
  "per_client_per_task_history": [
    {
      "0": [
        0.683
      ],
      "1": [
        0.698
      ],
      "2": [
        0.679
      ],
      "3": [
        0.671
      ],
      "4": [
        0.585
      ],
      "5": [
        0.539
      ],
      "6": [
        0.62
      ],
      "7": [
        0.642
      ],
      "8": [
        0.549
      ],
      "9": [
        0.677
      ]
    },
    {
      "0": [
        0.223,
        0.748
      ],
      "1": [
        0.118,
        0.636
      ],
      "2": [
        0.029,
        0.767
      ],
      "3": [
        0.352,
        0.503
      ],
      "4": [
        0.216,
        0.724
      ],
      "5": [
        0.061,
        0.596
      ],
      "6": [
        0.293,
        0.546
      ],
      "7": [
        0.185,
        0.802
      ],
      "8": [
        0.025,
        0.787
      ],
      "9": [
        0.122,
        0.784
      ]
    },
    {
      "0": [
        0.18,
        0.163,
        0.737
      ],
      "1": [
        0.093,
        0.104,
        0.683
      ],
      "2": [
        0.057,
        0.086,
        0.675
      ],
      "3": [
        0.127,
        0.076,
        0.858
      ],
      "4": [
        0.099,
        0.186,
        0.731
      ],
      "5": [
        0.004,
        0.107,
        0.697
      ],
      "6": [
        0.241,
        0.026,
        0.659
      ],
      "7": [
        0.07,
        0.22,
        0.689
      ],
      "8": [
        0.069,
        0.251,
        0.702
      ],
      "9": [
        0.08,
        0.194,
        0.661
      ]
    },
    {
      "0": [
        0.041,
        0.098,
        0.004,
        0.724
      ],
      "1": [
        0.058,
        0.106,
        0.079,
        0.694
      ],
      "2": [
        0.025,
        0.013,
        0.02,
        0.77
      ],
      "3": [
        0.276,
        0.017,
        0.198,
        0.611
      ],
      "4": [
        0.081,
        0.11,
        0.074,
        0.708
      ],
      "5": [
        0.016,
        0.06,
        0.079,
        0.761
      ],