{
  "final_accuracy": 0.8686197916666667,
  "forgetting_rate": 0.07468750000000002,
  "all_accuracies": [
    0.787421875,
    0.878984375,
    0.9175,
    0.95578125,
    0.95546875,
    0.971015625,
    0.970546875,
    0.923828125,
    0.9546875,
    0.935390625,
    0.8734765625,
    0.9227734375,
    0.9378125,
    0.942734375,
    0.9489453125,
    0.939765625,
    0.9396875,
    0.9401171875,
    0.9416015625,
    0.942578125,
    0.8992708333333334,
    0.9326302083333333,
    0.939921875,
    0.93140625,
    0.939921875,
    0.9081770833333334,
    0.9181510416666666,
    0.912734375,
    0.9251822916666667,
    0.915703125,
    0.92306640625,
    0.92404296875,
    0.92498046875,
    0.92126953125,
    0.91541015625,
    0.918828125,
    0.9127734375,
    0.92181640625,
    0.9189453125,
    0.92126953125,
    0.917875,
    0.9180625,
    0.917421875,
    0.904890625,
    0.904734375,
    0.90915625,
    0.8931875,
    0.89759375,
    0.90984375,
    0.908296875,
    0.8779036458333334,
    0.8863541666666667,
    0.8873307291666667,
    0.8883463541666666,
    0.8766145833333333,
    0.8730208333333334,
    0.8741015625,
    0.8763932291666666,
    0.8741145833333334,
    0.8686197916666667
  ],
  "all_forgetting": [
    0.0029687499999999922,
    0.022187499999999992,
    0.027213541666666678,
    0.034453124999999994,
    0.07468750000000002
  ],
  "per_task_acc": [
    [
      0.9353906249999999
    ],
    [
      0.964140625,
      0.921015625
    ],
    [
      0.9473437499999999,
      0.912734375,
      0.88703125
    ],
    [
      0.9432812500000001,
      0.904921875,
      0.914296875,
      0.922578125
    ],
    [
      0.92734375,
      0.9148437500000001,
      0.9174218749999999,
      0.8821875,
      0.8996875000000002
    ],
    [
      0.880078125,
      0.8303125,
      0.8871093750000001,
      0.8724218749999999,
      0.8403906250000001,
      0.90140625
    ]
  ],
  "per_task_forget": [
    [
      0.0
    ],
    [
      0.0,
      0.0
    ],
    [
      0.016796875000000044,
      0.008281250000000018,
      0.0
    ],
    [
      0.020859374999999902,
      0.016093750000000018,
      0.0,
      0.0
    ],
    [
      0.03679687499999995,
      0.006171874999999938,
      0.0,
      0.04039062500000001,
      0.0
    ],
    [
      0.08406249999999993,
      0.090703125,
      0.030312499999999853,
      0.050156250000000124,
      0.05929687500000014,
      0.0
    ]
  ],
  "emergence_results": null
}