{
  "final_accuracy": 0.0804,
  "forgetting_rate": 0.6255666666666665,
  "all_accuracies": [
    0.2067,
    0.228,
    0.2691,
    0.2865,
    0.3453,
    0.3617,
    0.3838,
    0.3938,
    0.4501,
    0.4573,
    0.23745,
    0.24215,
    0.25495,
    0.26055,
    0.26615,
    0.2547,
    0.2645,
    0.26005,
    0.25865,
    0.2619,
    0.17166666666666666,
    0.1771,
    0.18073333333333333,
    0.1824,
    0.1756,
    0.1896,
    0.18013333333333334,
    0.18543333333333334,
    0.18623333333333333,
    0.19236666666666666,
    0.158525,
    0.164175,
    0.166025,
    0.160125,
    0.163625,
    0.165375,
    0.167575,
    0.16675,
    0.17335,
    0.1629,
    0.11696,
    0.12682,
    0.1307,
    0.13114,
    0.13568,
    0.13476,
    0.1369,
    0.13888,
    0.1265,
    0.12988,
    0.11243333333333333,
    0.11583333333333333,
    0.11633333333333333,
    0.11948333333333333,
    0.11906666666666667,
    0.11433333333333333,
    0.11511666666666667,
    0.11016666666666666,
    0.11391666666666667,
    0.11788333333333334,
    0.09482857142857143,
    0.0999,
    0.10244285714285714,
    0.0992,
    0.10068571428571428,
    0.10162857142857143,
    0.09668571428571429,
    0.1016,
    0.097,
    0.09834285714285715,
    0.09175,
    0.0940875,
    0.094175,
    0.0946875,
    0.093025,
    0.0945,
    0.0948,
    0.0963375,
    0.096775,
    0.0939125,
    0.0830111111111111,
    0.0855888888888889,
    0.08092222222222223,
    0.08765555555555556,
    0.0853,
    0.08743333333333334,
    0.08091111111111111,
    0.08348888888888889,
    0.08424444444444444,
    0.0854111111111111,
    0.07426,
    0.08091,
    0.08347,
    0.0837,
    0.08177,
    0.085,
    0.08367,
    0.08186,
    0.08229,
    0.0804
  ],
  "all_forgetting": [
    0.4492,
    0.48614999999999997,
    0.5164666666666667,
    0.5459500000000002,
    0.564,
    0.5834333333333335,
    0.5954857142857144,
    0.6118625000000001,
    0.6255666666666665
  ],
  "per_task_acc": [
    [
      0.45729999999999993
    ],
    [
      0.0081,
      0.5157
    ],
    [
      0.0005,
      0.0002,
      0.5764
    ],
    [
      0.0,
      0.0,
      0.0,
      0.6516
    ],
    [
      0.0,
      0.0031,
      0.0043,
      0.0098,
      0.6322000000000001
    ],
    [
      0.0033,
      0.0032,
      0.0025,
      0.0017000000000000001,
      0.0025,
      0.6940999999999999
    ],
    [
      0.0086,
      0.0,
      0.0031000000000000003,
      0.0071,
      0.0033,
      0.0046,
      0.6617
    ],
    [
      0.0024000000000000002,
      0.0,
      0.0047,
      0.0,
      0.0046,
      0.0019000000000000002,
      0.007000000000000001,
      0.7307000000000001
    ],
    [
      0.0032,
      0.002,
      0.0018000000000000002,
      0.0014,
      0.004399999999999999,
      0.0032,
      0.003,
      0.0058,
      0.7439
    ],
    [
      0.0002,
      0.0001,
      0.0045,
      0.0082,
      0.0036000000000000003,
      0.0001,
      0.0062000000000000015,
      0.0067,
      0.0039,
      0.7705
    ]
  ],
  "per_task_forget": [
    [
      0.0
    ],
    [
      0.44919999999999993,
      0.0
    ],
    [
      0.45679999999999993,
      0.5155000000000001,
      0.0
    ],
    [
      0.45729999999999993,
      0.5157,
      0.5764,
      0.0
    ],
    [
      0.45729999999999993,
      0.5126000000000001,
      0.5721,
      0.6417999999999999,
      0.0
    ],
    [
      0.4539999999999999,
      0.5125000000000001,
      0.5739000000000001,
      0.6498999999999999,
      0.6297000000000001,
      0.0
    ],
    [
      0.44869999999999993,
      0.5157,
      0.5733,
      0.6445,
      0.6289000000000001,
      0.6894999999999999,
      0.0
    ],
    [
      0.4548999999999999,
      0.5157,
      0.5717,
      0.6516,
      0.6276,
      0.6921999999999999,
      0.6547,
      0.0
    ],
    [
      0.45409999999999995,
      0.5137,
      0.5746,
      0.6502,
      0.6278000000000001,
      0.6909,
      0.6587,
      0.7249000000000001,
      0.0
    ],
    [
      0.45709999999999995,
      0.5156000000000001,
      0.5719000000000001,
      0.6434,
      0.6286,
      0.694,
      0.6555,
      0.7240000000000001,
      0.74,
      0.0
    ]
  ],
  "emergence_results": null
}