{
  "final_accuracy": 0.13197,
  "forgetting_rate": 0.14805555555555555,
  "all_accuracies": [
    0.1071,
    0.1194,
    0.1282,
    0.1134,
    0.1334,
    0.1214,
    0.1234,
    0.1044,
    0.1281,
    0.119,
    0.07325,
    0.11375,
    0.0984,
    0.12855,
    0.09315,
    0.13625,
    0.1066,
    0.1358,
    0.10135,
    0.13165,
    0.0509,
    0.09813333333333334,
    0.0642,
    0.09903333333333333,
    0.059133333333333336,
    0.09446666666666667,
    0.07323333333333333,
    0.0853,
    0.06463333333333333,
    0.07946666666666667,
    0.06705,
    0.1054,
    0.084625,
    0.1312,
    0.094075,
    0.10655,
    0.1,
    0.11795,
    0.091425,
    0.096575,
    0.06078,
    0.09486,
    0.08616,
    0.09772,
    0.08562,
    0.11464,
    0.08798,
    0.08414,
    0.0833,
    0.09354,
    0.058666666666666666,
    0.11243333333333333,
    0.08865,
    0.1227,
    0.0873,
    0.1102,
    0.08478333333333334,
    0.1107,
    0.07366666666666667,
    0.10428333333333334,
    0.048228571428571426,
    0.1094,
    0.06765714285714286,
    0.11791428571428571,
    0.059385714285714285,
    0.10292857142857142,
    0.06721428571428571,
    0.10865714285714285,
    0.05942857142857143,
    0.11611428571428571,
    0.0783625,
    0.1130125,
    0.1065375,
    0.1192,
    0.105675,
    0.1161,
    0.095575,
    0.1279125,
    0.089725,
    0.116675,
    0.03914444444444445,
    0.11341111111111112,
    0.06737777777777777,
    0.12206666666666667,
    0.06775555555555555,
    0.0957888888888889,
    0.06798888888888889,
    0.09193333333333334,
    0.06222222222222222,
    0.08954444444444444,
    0.05306,
    0.12503,
    0.08537,
    0.15323,
    0.0959,
    0.13115,
    0.08274,
    0.13248,
    0.08647,
    0.13197
  ],
  "all_forgetting": [
    0.049100000000000005,
    0.12420000000000002,
    0.10783333333333335,
    0.12785000000000002,
    0.1361,
    0.13830000000000003,
    0.1547857142857143,
    0.18226249999999994,
    0.14805555555555555
  ],
  "per_task_acc": [
    [
      0.119
    ],
    [
      0.09369999999999999,
      0.16960000000000003
    ],
    [
      0.0363,
      0.0342,
      0.1679
    ],
    [
      0.0504,
      0.058499999999999996,
      0.07540000000000001,
      0.202
    ],
    [
      0.021300000000000003,
      0.08530000000000001,
      0.05450000000000001,
      0.05800000000000001,
      0.24860000000000002
    ],
    [
      0.0922,
      0.0663,
      0.05700000000000001,
      0.06770000000000001,
      0.069,
      0.2735
    ],
    [
      0.10229999999999999,
      0.0863,
      0.0497,
      0.0595,
      0.09689999999999999,
      0.0951,
      0.323
    ],
    [
      0.07540000000000001,
      0.0932,
      0.06560000000000002,
      0.07859999999999999,
      0.10310000000000001,
      0.13419999999999999,
      0.09600000000000002,
      0.2873
    ],
    [
      0.033100000000000004,
      0.0723,
      0.0903,
      0.048900000000000006,
      0.08610000000000001,
      0.0698,
      0.07360000000000001,
      0.08499999999999999,
      0.2468
    ],
    [
      0.07150000000000001,
      0.1081,
      0.1034,
      0.1474,
      0.086,
      0.081,
      0.1316,
      0.10970000000000002,
      0.12469999999999999,
      0.35629999999999995
    ]
  ],
  "per_task_forget": [
    [
      0.0
    ],
    [
      0.025300000000000003,
      0.0
    ],
    [
      0.0827,
      0.13540000000000002,
      0.0
    ],
    [
      0.0686,
      0.11110000000000003,
      0.09249999999999999,
      0.0
    ],
    [
      0.0977,
      0.08430000000000001,
      0.11339999999999999,
      0.14400000000000002,
      0.0
    ],
    [
      0.02679999999999999,
      0.10330000000000003,
      0.11089999999999998,
      0.1343,
      0.1796,
      0.0
    ],
    [
      0.016700000000000007,
      0.08330000000000003,
      0.1182,
      0.14250000000000002,
      0.15170000000000003,
      0.1784,
      0.0
    ],
    [
      0.043599999999999986,
      0.07640000000000002,
      0.10229999999999997,
      0.12340000000000002,
      0.14550000000000002,
      0.13930000000000003,
      0.22699999999999998,
      0.0
    ],
    [
      0.08589999999999999,
      0.09730000000000003,
      0.07759999999999999,
      0.1531,
      0.1625,
      0.20370000000000002,
      0.2494,
      0.2023,
      0.0
    ],
    [
      0.04749999999999999,
      0.06150000000000003,
      0.06449999999999999,
      0.05460000000000001,
      0.16260000000000002,
      0.1925,
      0.19140000000000001,
      0.17759999999999998,
      0.1221,
      0.0
    ]
  ],
  "emergence_results": null
}