{
  "final_accuracy": 0.8736328125,
  "forgetting_rate": 0.11009374999999999,
  "all_accuracies": [
    0.820078125,
    0.9140625,
    0.946328125,
    0.95921875,
    0.96265625,
    0.979375,
    0.9640625,
    0.97359375,
    0.978515625,
    0.963671875,
    0.914296875,
    0.9494140625,
    0.956015625,
    0.953125,
    0.963125,
    0.9665625,
    0.9638671875,
    0.966875,
    0.967109375,
    0.966796875,
    0.9083333333333333,
    0.9359895833333334,
    0.930625,
    0.9455208333333334,
    0.9426822916666666,
    0.94875,
    0.9380989583333333,
    0.9483854166666666,
    0.94765625,
    0.9475520833333333,
    0.88458984375,
    0.90734375,
    0.90310546875,
    0.917890625,
    0.919609375,
    0.92099609375,
    0.9253125,
    0.92423828125,
    0.92359375,
    0.922578125,
    0.9020625,
    0.902828125,
    0.900578125,
    0.913703125,
    0.915765625,
    0.91478125,
    0.914328125,
    0.91346875,
    0.9125625,
    0.912015625,
    0.859921875,
    0.8456770833333334,
    0.86296875,
    0.8496223958333333,
    0.8643880208333333,
    0.88078125,
    0.8695442708333333,
    0.8662369791666666,
    0.8774869791666666,
    0.8736328125
  ],
  "all_forgetting": [
    0.01796874999999999,
    0.03707031250000001,
    0.06098958333333334,
    0.07078124999999998,
    0.11009374999999999
  ],
  "per_task_acc": [
    [
      0.963671875
    ],
    [
      0.9608593750000001,
      0.9727343749999999
    ],
    [
      0.93703125,
      0.9403906250000001,
      0.9652343750000001
    ],
    [
      0.9239062499999999,
      0.896640625,
      0.9132812499999999,
      0.956484375
    ],
    [
      0.8953125,
      0.9002343749999999,
      0.8975,
      0.8971093750000001,
      0.9699218749999999
    ],
    [
      0.8365625000000001,
      0.852734375,
      0.8662500000000001,
      0.8688281250000001,
      0.8683593750000002,
      0.9490624999999999
    ]
  ],
  "per_task_forget": [
    [
      0.0
    ],
    [
      0.0028124999999998845,
      0.0
    ],
    [
      0.026640624999999973,
      0.03234374999999978,
      0.0
    ],
    [
      0.03976562500000003,
      0.07609374999999996,
      0.051953125000000155,
      0.0
    ],
    [
      0.068359375,
      0.07250000000000001,
      0.06773437500000012,
      0.059374999999999956,
      0.0
    ],
    [
      0.12710937499999986,
      0.11999999999999988,
      0.09898437500000001,
      0.08765624999999999,
      0.10156249999999978,
      0.0
    ]
  ],
  "emergence_results": null
}