{
  "final_accuracy": 0.09807,
  "forgetting_rate": 0.7248999999999997,
  "all_accuracies": [
    0.4535,
    0.5044,
    0.5462,
    0.5671,
    0.5893,
    0.605,
    0.628,
    0.6412,
    0.6467,
    0.6811,
    0.45305,
    0.41775,
    0.3942,
    0.3961,
    0.40065,
    0.3903,
    0.40755,
    0.41495,
    0.4253,
    0.41655,
    0.359,
    0.3259,
    0.31183333333333335,
    0.3047,
    0.3040333333333333,
    0.3082,
    0.29336666666666666,
    0.3148,
    0.31193333333333334,
    0.3166333333333333,
    0.285125,
    0.234275,
    0.228375,
    0.239775,
    0.224775,
    0.233475,
    0.232675,
    0.2309,
    0.229725,
    0.235025,
    0.21462,
    0.18212,
    0.17968,
    0.17448,
    0.17834,
    0.1818,
    0.1764,
    0.17672,
    0.17724,
    0.17554,
    0.16991666666666666,
    0.15206666666666666,
    0.15545,
    0.15153333333333333,
    0.14601666666666666,
    0.14183333333333334,
    0.13993333333333333,
    0.14456666666666668,
    0.15115,
    0.15168333333333334,
    0.12161428571428572,
    0.11674285714285715,
    0.12011428571428572,
    0.12105714285714286,
    0.11977142857142857,
    0.11801428571428571,
    0.11938571428571429,
    0.12057142857142857,
    0.1197,
    0.11422857142857143,
    0.1223125,
    0.1116625,
    0.1112125,
    0.1079125,
    0.1151375,
    0.106725,
    0.1073625,
    0.1079125,
    0.11095,
    0.1099875,
    0.10374444444444444,
    0.09547777777777777,
    0.09277777777777778,
    0.10274444444444444,
    0.09976666666666667,
    0.0931,
    0.09908888888888889,
    0.09533333333333334,
    0.09642222222222223,
    0.09792222222222222,
    0.09656,
    0.09425,
    0.09666,
    0.09347,
    0.09917,
    0.10011,
    0.10076,
    0.10041,
    0.09678,
    0.09807
  ],
  "all_forgetting": [
    0.5377,
    0.5759,
    0.6385,
    0.6847250000000001,
    0.6977600000000003,
    0.7213166666666667,
    0.7180857142857144,
    0.7257124999999996,
    0.7248999999999997
  ],
  "per_task_acc": [
    [
      0.6811
    ],
    [
      0.14340000000000003,
      0.6897
    ],
    [
      0.0849,
      0.1341,
      0.7309
    ],
    [
      0.0777,
      0.06799999999999999,
      0.0405,
      0.7538999999999999
    ],
    [
      0.031200000000000006,
      0.035199999999999995,
      0.019400000000000004,
      0.0309,
      0.7609999999999999
    ],
    [
      0.034600000000000006,
      0.030300000000000004,
      0.0159,
      0.022300000000000004,
      0.0247,
      0.7823
    ],
    [
      0.0085,
      0.013300000000000001,
      0.0075,
      0.010700000000000001,
      0.009200000000000002,
      0.021800000000000003,
      0.7285999999999999
    ],
    [
      0.014000000000000002,
      0.012600000000000004,
      0.013000000000000001,
      0.015600000000000003,
      0.006500000000000001,
      0.009899999999999999,
      0.029300000000000003,
      0.779
    ],
    [
      0.012,
      0.013300000000000001,
      0.016400000000000005,
      0.0142,
      0.0070999999999999995,
      0.011699999999999999,
      0.017900000000000003,
      0.008200000000000002,
      0.7805
    ],
    [
      0.0123,
      0.020300000000000006,
      0.0121,
      0.023399999999999997,
      0.0094,
      0.0183,
      0.010600000000000002,
      0.018800000000000004,
      0.0377,
      0.8177999999999999
    ]
  ],
  "per_task_forget": [
    [
      0.0
    ],
    [
      0.5377000000000001,
      0.0
    ],
    [
      0.5962000000000001,
      0.5556,
      0.0
    ],
    [
      0.6034,
      0.6217,
      0.6904,
      0.0
    ],
    [
      0.6499,
      0.6545,
      0.7115,
      0.7229999999999999,
      0.0
    ],
    [
      0.6465000000000001,
      0.6594,
      0.715,
      0.7315999999999999,
      0.7363,
      0.0
    ],
    [
      0.6726000000000001,
      0.6764,
      0.7234,
      0.7431999999999999,
      0.7517999999999999,
      0.7605,
      0.0
    ],
    [
      0.6671,
      0.6770999999999999,
      0.7179,
      0.7383,
      0.7545,
      0.7724,
      0.6992999999999999,
      0.0
    ],
    [
      0.6691,
      0.6764,
      0.7145,
      0.7396999999999999,
      0.7538999999999999,
      0.7706,
      0.7106999999999999,
      0.7708,
      0.0
    ],
    [
      0.6688000000000001,
      0.6694,
      0.7188,
      0.7304999999999999,
      0.7515999999999999,
      0.764,
      0.7179999999999999,
      0.7602,
      0.7428,
      0.0
    ]
  ],
  "per_client_per_task_final": {
    "0": [
      0.019,
      0.018,
      0.0,
      0.021,
      0.009,
      0.075,
      0.003,
      0.001,
      0.055,
      0.78
    ],
    "1": [
      0.019,
      0.099,
      0.027,
      0.06,
      0.025,
      0.0,
      0.024,
      0.065,
      0.077,
      0.798
    ],
    "2": [
      0.038,
      0.054,
      0.025,
      0.001,
      0.004,
      0.005,
      0.018,
      0.013,
      0.042,
      0.908
    ],
    "3": [
      0.003,
      0.003,
      0.038,
      0.075,
      0.0,
      0.026,
      0.025,
      0.012,
      0.024,
      0.837
    ],
    "4": [
      0.001,
      0.005,
      0.011,
      0.002,
      0.001,
      0.004,
      0.001,
      0.047,
      0.056,
      0.85
    ],
    "5": [
      0.0,
      0.006,
      0.001,
      0.037,
      0.017,
      0.0,
      0.009,
      0.016,
      0.021,
      0.805
    ],
    "6": [
      0.036,
      0.006,
      0.0,
      0.022,
      0.001,
      0.014,
      0.005,
      0.0,
      0.003,
      0.743
    ],
    "7": [
      0.006,
      0.0,
      0.003,
      0.0,
      0.0,
      0.0,
      0.004,
      0.005,
      0.0,
      0.816
    ],
    "8": [
      0.0,
      0.003,
      0.016,
      0.001,
      0.028,
      0.048,
      0.0,
      0.027,
      0.002,
      0.781
    ],
    "9": [
      0.001,
      0.009,
      0.0,
      0.015,
      0.009,
      0.011,
      0.017,
      0.002,
      0.097,
      0.86
    ]
  },
  "per_client_per_task_history": [
    {
      "0": [
        0.707
      ],
      "1": [
        0.717
      ],
      "2": [
        0.684
      ],
      "3": [
        0.746
      ],
      "4": [
        0.686
      ],
      "5": [
        0.61
      ],
      "6": [
        0.65
      ],
      "7": [
        0.679
      ],
      "8": [
        0.638
      ],
      "9": [
        0.694
      ]
    },
    {
      "0": [
        0.32,
        0.724
      ],
      "1": [
        0.099,
        0.673
      ],
      "2": [
        0.073,
        0.796
      ],
      "3": [
        0.346,
        0.511
      ],
      "4": [
        0.09,
        0.742
      ],
      "5": [
        0.077,
        0.589
      ],
      "6": [
        0.198,
        0.604
      ],
      "7": [
        0.1,
        0.735
      ],
      "8": [
        0.04,
        0.793
      ],
      "9": [
        0.091,
        0.73
      ]
    },
    {
      "0": [
        0.127,
        0.027,
        0.677
      ],
      "1": [
        0.099,
        0.11,
        0.695
      ],
      "2": [
        0.046,
        0.145,
        0.717
      ],
      "3": [
        0.113,
        0.014,
        0.844
      ],
      "4": [
        0.056,
        0.186,
        0.78
      ],
      "5": [
        0.001,
        0.057,
        0.723
      ],
      "6": [
        0.151,
        0.028,
        0.625
      ],
      "7": [
        0.101,
        0.248,
        0.767
      ],
      "8": [
        0.038,
        0.35,
        0.766
      ],
      "9": [
        0.117,
        0.176,
        0.715
      ]
    },
    {
      "0": [
        0.082,
        0.058,
        0.0,
        0.783
      ],
      "1": [
        0.044,
        0.076,
        0.01,
        0.795
      ],
      "2": [
        0.003,
        0.016,
        0.002,
        0.769
      ],
      "3": [
        0.141,
        0.0,
        0.016,
        0.686
      ],
      "4": [
        0.093,
        0.051,
        0.101,
        0.724
      ],
      "5": [
        0.008,
        0.062,
        0.04,
        0.813
      ],