{
  "final_accuracy": 0.8795052083333333,
  "forgetting_rate": 0.08565625000000002,
  "all_accuracies": [
    0.820078125,
    0.9140625,
    0.946328125,
    0.95921875,
    0.96265625,
    0.979375,
    0.973828125,
    0.97046875,
    0.975078125,
    0.974921875,
    0.915078125,
    0.949609375,
    0.93703125,
    0.930234375,
    0.9475,
    0.94625,
    0.9569140625,
    0.9521875,
    0.9509765625,
    0.951328125,
    0.9342447916666666,
    0.938046875,
    0.9246354166666667,
    0.9345052083333333,
    0.9284635416666667,
    0.94875,
    0.9407291666666666,
    0.9316145833333334,
    0.9312239583333334,
    0.94390625,
    0.916796875,
    0.91955078125,
    0.92162109375,
    0.9174609375,
    0.92142578125,
    0.9200390625,
    0.9205078125,
    0.92111328125,
    0.912109375,
    0.91322265625,
    0.892,
    0.90903125,
    0.905921875,
    0.906921875,
    0.90740625,
    0.907421875,
    0.905046875,
    0.907078125,
    0.90740625,
    0.90971875,
    0.8720572916666667,
    0.8770963541666666,
    0.8781119791666666,
    0.878515625,
    0.8797265625,
    0.8776171875,
    0.8759375,
    0.8745963541666667,
    0.8744661458333334,
    0.8795052083333333
  ],
  "all_forgetting": [
    0.011874999999999997,
    0.016914062499999993,
    0.047291666666666655,
    0.05195312499999999,
    0.08565625000000002
  ],
  "per_task_acc": [
    [
      0.974921875
    ],
    [
      0.9656250000000001,
      0.93703125
    ],
    [
      0.956015625,
      0.9413281250000001,
      0.934375
    ],
    [
      0.927109375,
      0.90359375,
      0.9036718750000001,
      0.9185156250000001
    ],
    [
      0.9127343750000001,
      0.9010937500000001,
      0.8845312499999999,
      0.89765625,
      0.952578125
    ],
    [
      0.8446875,
      0.84390625,
      0.878671875,
      0.86765625,
      0.8974218749999999,
      0.9446874999999999
    ]
  ],
  "per_task_forget": [
    [
      0.0
    ],
    [
      0.009296874999999982,
      0.0
    ],
    [
      0.018906250000000013,
      0.0,
      0.0
    ],
    [
      0.047812500000000036,
      0.0377343750000001,
      0.03070312499999983,
      0.0
    ],
    [
      0.06218749999999995,
      0.04023437499999993,
      0.049843750000000075,
      0.020859375000000013,
      0.0
    ],
    [
      0.130234375,
      0.0974218750000001,
      0.055703124999999964,
      0.05085937500000004,
      0.05515625000000013,
      0.0
    ]
  ],
  "emergence_results": null
}