{
  "final_accuracy": 0.08934,
  "forgetting_rate": 0.7560222222222226,
  "all_accuracies": [
    0.5082,
    0.5667,
    0.6186,
    0.6401,
    0.6539,
    0.6758,
    0.6852,
    0.6866,
    0.7028,
    0.7219,
    0.4567,
    0.47585,
    0.4747,
    0.4555,
    0.48955,
    0.4729,
    0.4954,
    0.48605,
    0.4771,
    0.481,
    0.37033333333333335,
    0.37266666666666665,
    0.37703333333333333,
    0.3692,
    0.38626666666666665,
    0.3748666666666667,
    0.37903333333333333,
    0.3645,
    0.3707,
    0.36193333333333333,
    0.3158,
    0.31095,
    0.2964,
    0.268425,
    0.2737,
    0.274225,
    0.28435,
    0.2832,
    0.2654,
    0.269425,
    0.23306,
    0.22454,
    0.21676,
    0.22352,
    0.2096,
    0.204,
    0.21896,
    0.21838,
    0.21354,
    0.20318,
    0.1903,
    0.17633333333333334,
    0.1895,
    0.17573333333333332,
    0.16988333333333333,
    0.16655,
    0.17208333333333334,
    0.16776666666666668,
    0.16726666666666667,
    0.16128333333333333,
    0.1518857142857143,
    0.1348,
    0.14692857142857144,
    0.13704285714285713,
    0.13378571428571429,
    0.13795714285714286,
    0.13367142857142858,
    0.13404285714285713,
    0.13674285714285714,
    0.1319142857142857,
    0.1246625,
    0.1196,
    0.1214875,
    0.1198875,
    0.118925,
    0.1135,
    0.1126125,
    0.1124,
    0.1138875,
    0.1135,
    0.10363333333333333,
    0.10254444444444444,
    0.10377777777777777,
    0.10324444444444444,
    0.10438888888888889,
    0.09776666666666667,
    0.10578888888888889,
    0.10114444444444444,
    0.10254444444444444,
    0.10036666666666667,
    0.09373,
    0.09051,
    0.09154,
    0.08593,
    0.08722,
    0.08965,
    0.09092,
    0.08813,
    0.08847,
    0.08934
  ],
  "all_forgetting": [
    0.5053000000000001,
    0.5593999999999999,
    0.6354333333333333,
    0.6847999999999999,
    0.7148399999999999,
    0.7298166666666669,
    0.7411714285714286,
    0.74855,
    0.7560222222222226
  ],
  "per_task_acc": [
    [
      0.7219000000000001
    ],
    [
      0.2166,
      0.7453999999999998
    ],
    [
      0.14429999999999998,
      0.2042,
      0.7373000000000001
    ],
    [
      0.11000000000000001,
      0.10910000000000002,
      0.0792,
      0.7794
    ],
    [
      0.05550000000000001,
      0.0634,
      0.0526,
      0.0733,
      0.7710999999999999
    ],
    [
      0.04080000000000001,
      0.0512,
      0.0264,
      0.0283,
      0.0342,
      0.7868
    ],
    [
      0.0262,
      0.0369,
      0.015000000000000003,
      0.025500000000000005,
      0.0165,
      0.04290000000000001,
      0.7604
    ],
    [
      0.019799999999999998,
      0.0152,
      0.010100000000000001,
      0.019,
      0.011800000000000001,
      0.0134,
      0.0248,
      0.7939
    ],
    [
      0.0121,
      0.020800000000000003,
      0.0075000000000000015,
      0.013600000000000001,
      0.0083,
      0.0079,
      0.008600000000000002,
      0.029000000000000005,
      0.7955
    ],
    [
      0.007000000000000001,
      0.008300000000000002,
      0.0050999999999999995,
      0.0137,
      0.0091,
      0.014000000000000002,
      0.0064,
      0.009000000000000001,
      0.0149,
      0.8059000000000001
    ]
  ],
  "per_task_forget": [
    [
      0.0
    ],
    [
      0.5053000000000001,
      0.0
    ],
    [
      0.5776000000000001,
      0.5411999999999999,
      0.0
    ],
    [
      0.6119000000000001,
      0.6362999999999999,
      0.6581,
      0.0
    ],
    [
      0.6664000000000001,
      0.6819999999999998,
      0.6847000000000001,
      0.7061,
      0.0
    ],
    [
      0.6811,
      0.6941999999999998,
      0.7109000000000001,
      0.7511,
      0.7368999999999999,
      0.0
    ],
    [
      0.6957000000000001,
      0.7084999999999998,
      0.7223,
      0.7539,
      0.7545999999999999,
      0.7439,
      0.0
    ],
    [
      0.7021000000000001,
      0.7301999999999998,
      0.7272000000000001,
      0.7604,
      0.7592999999999999,
      0.7734000000000001,
      0.7355999999999999,
      0.0
    ],
    [
      0.7098000000000001,
      0.7245999999999998,
      0.7298000000000001,
      0.7658,
      0.7627999999999999,
      0.7789,
      0.7517999999999999,
      0.7649,
      0.0
    ],
    [
      0.7149000000000001,
      0.7370999999999999,
      0.7322000000000001,
      0.7656999999999999,
      0.7619999999999999,
      0.7728,
      0.754,
      0.7849,
      0.7806,
      0.0
    ]
  ],
  "per_client_per_task_final": {
    "0": [
      0.022,
      0.01,
      0.009,
      0.019,
      0.023,
      0.074,
      0.001,
      0.007,
      0.041,
      0.744
    ],
    "1": [
      0.005,
      0.005,
      0.001,
      0.009,
      0.002,
      0.0,
      0.003,
      0.022,
      0.001,
      0.811
    ],
    "2": [
      0.021,
      0.035,
      0.0,
      0.003,
      0.003,
      0.001,
      0.0,
      0.001,
      0.001,
      0.845
    ],
    "3": [
      0.003,
      0.0,
      0.002,
      0.057,
      0.0,
      0.006,
      0.008,
      0.006,
      0.008,
      0.833
    ],
    "4": [
      0.0,
      0.004,
      0.007,
      0.0,
      0.016,
      0.0,
      0.007,
      0.025,
      0.039,
      0.778
    ],
    "5": [
      0.001,
      0.003,
      0.001,
      0.03,
      0.033,
      0.019,
      0.009,
      0.003,
      0.002,
      0.784
    ],
    "6": [
      0.015,
      0.015,
      0.002,
      0.007,
      0.01,
      0.016,
      0.016,
      0.001,
      0.01,
      0.76
    ],
    "7": [
      0.001,
      0.001,
      0.022,
      0.001,
      0.001,
      0.008,
      0.005,
      0.005,
      0.001,
      0.87
    ],
    "8": [
      0.0,
      0.002,
      0.0,
      0.001,
      0.0,
      0.008,
      0.0,
      0.007,
      0.004,
      0.77
    ],
    "9": [
      0.002,
      0.008,
      0.007,
      0.01,
      0.003,
      0.008,
      0.015,
      0.013,
      0.042,
      0.864
    ]
  },
  "per_client_per_task_history": [
    {
      "0": [
        0.732
      ],
      "1": [
        0.767
      ],
      "2": [
        0.741
      ],
      "3": [
        0.777
      ],
      "4": [
        0.708
      ],
      "5": [
        0.671
      ],
      "6": [
        0.698
      ],
      "7": [
        0.743
      ],
      "8": [
        0.673
      ],
      "9": [
        0.709
      ]
    },
    {
      "0": [
        0.313,
        0.749
      ],
      "1": [
        0.147,
        0.704
      ],
      "2": [
        0.16,
        0.772
      ],
      "3": [
        0.237,
        0.66
      ],
      "4": [
        0.256,
        0.747
      ],
      "5": [
        0.25,
        0.634
      ],
      "6": [
        0.216,
        0.707
      ],
      "7": [
        0.258,
        0.784
      ],
      "8": [
        0.169,
        0.858
      ],
      "9": [
        0.16,
        0.839
      ]
    },
    {
      "0": [
        0.173,
        0.068,
        0.746
      ],
      "1": [
        0.116,
        0.163,
        0.684
      ],
      "2": [
        0.174,
        0.183,
        0.73
      ],
      "3": [
        0.213,
        0.101,
        0.852
      ],
      "4": [
        0.113,
        0.216,
        0.78
      ],
      "5": [
        0.148,
        0.239,
        0.684
      ],
      "6": [
        0.163,
        0.131,
        0.656
      ],
      "7": [
        0.093,
        0.272,
        0.734
      ],
      "8": [
        0.113,
        0.377,
        0.748
      ],
      "9": [
        0.137,
        0.292,
        0.759
      ]
    },
    {
      "0": [
        0.066,
        0.017,
        0.009,
        0.813
      ],
      "1": [
        0.066,
        0.163,
        0.119,
        0.777
      ],
      "2": [
        0.096,
        0.08,
        0.034,
        0.793
      ],
      "3": [
        0.206,
        0.021,
        0.125,
        0.736
      ],
      "4": [
        0.107,
        0.075,
        0.106,
        0.768
      ],