{
  "final_accuracy": 0.2321484375,
  "forgetting_rate": 0.882875,
  "all_accuracies": [
    0.636484375,
    0.841953125,
    0.8871875,
    0.920390625,
    0.943125,
    0.963671875,
    0.968359375,
    0.965546875,
    0.976953125,
    0.970625,
    0.4201953125,
    0.468203125,
    0.5680078125,
    0.611640625,
    0.5738671875,
    0.5476171875,
    0.5937890625,
    0.5966015625,
    0.6094921875,
    0.6113671875,
    0.2780989583333333,
    0.3461458333333333,
    0.3628125,
    0.381171875,
    0.41859375,
    0.421640625,
    0.43494791666666666,
    0.44622395833333334,
    0.439296875,
    0.458515625,
    0.22517578125,
    0.28173828125,
    0.30388671875,
    0.346640625,
    0.33580078125,
    0.35369140625,
    0.36041015625,
    0.355625,
    0.35150390625,
    0.34134765625,
    0.203921875,
    0.29071875,
    0.36828125,
    0.41659375,
    0.442015625,
    0.42796875,
    0.435671875,
    0.428125,
    0.428328125,
    0.43509375,
    0.15596354166666668,
    0.16286458333333334,
    0.183828125,
    0.1646484375,
    0.20111979166666666,
    0.18846354166666668,
    0.2101171875,
    0.208984375,
    0.21434895833333334,
    0.2321484375
  ],
  "all_forgetting": [
    0.7085156250000001,
    0.7591406249999999,
    0.8352604166666665,
    0.6685546875000002,
    0.882875
  ],
  "per_task_acc": [
    [
      0.9706250000000001
    ],
    [
      0.262109375,
      0.9606250000000001
    ],
    [
      0.07976562499999999,
      0.333203125,
      0.9625781250000001
    ],
    [
      0.056093750000000005,
      0.106328125,
      0.22562500000000002,
      0.97734375
    ],
    [
      0.171328125,
      0.23046875,
      0.32320312500000004,
      0.471953125,
      0.978515625
    ],
    [
      0.051484375000000006,
      0.0975,
      0.09820312499999999,
      0.041796875000000004,
      0.14632812500000003,
      0.9575781250000001
    ]
  ],
  "per_task_forget": [
    [
      0.0
    ],
    [
      0.7085156250000001,
      0.0
    ],
    [
      0.8908593750000001,
      0.627421875,
      0.0
    ],
    [
      0.91453125,
      0.8542968750000001,
      0.7369531250000001,
      0.0
    ],
    [
      0.799296875,
      0.7301562500000001,
      0.639375,
      0.505390625,
      0.0
    ],
    [
      0.919140625,
      0.863125,
      0.8643750000000001,
      0.935546875,
      0.8321875,
      0.0
    ]
  ],
  "emergence_results": null
}