{
  "final_accuracy": 0.8754427083333334,
  "forgetting_rate": 0.10760937500000001,
  "all_accuracies": [
    0.908203125,
    0.937265625,
    0.962734375,
    0.969453125,
    0.97453125,
    0.981328125,
    0.98109375,
    0.979140625,
    0.98296875,
    0.9828125,
    0.9408203125,
    0.9573828125,
    0.9608203125,
    0.9629296875,
    0.9662109375,
    0.965546875,
    0.9664453125,
    0.966328125,
    0.9671484375,
    0.9671484375,
    0.922421875,
    0.9354166666666667,
    0.9382291666666667,
    0.9433072916666667,
    0.9417447916666667,
    0.945234375,
    0.946015625,
    0.9452604166666667,
    0.945703125,
    0.9470833333333334,
    0.90376953125,
    0.92078125,
    0.917734375,
    0.9215625,
    0.92505859375,
    0.923515625,
    0.91673828125,
    0.9175,
    0.9221484375,
    0.92099609375,
    0.909078125,
    0.909453125,
    0.908765625,
    0.90584375,
    0.905125,
    0.907828125,
    0.909921875,
    0.909375,
    0.910578125,
    0.9095625,
    0.86953125,
    0.8743098958333333,
    0.8695833333333334,
    0.8731640625,
    0.8720572916666667,
    0.8805078125,
    0.8764192708333334,
    0.8750390625,
    0.8745052083333333,
    0.8754427083333334
  ],
  "all_forgetting": [
    0.022187499999999985,
    0.039296874999999995,
    0.06408854166666665,
    0.07156249999999997,
    0.10760937500000001
  ],
  "per_task_acc": [
    [
      0.9828125
    ],
    [
      0.960703125,
      0.97359375
    ],
    [
      0.9356249999999999,
      0.942265625,
      0.963359375
    ],
    [
      0.9196093750000001,
      0.8940625,
      0.91390625,
      0.95640625
    ],
    [
      0.90578125,
      0.9043749999999999,
      0.8895312499999999,
      0.8903125000000001,
      0.9578125
    ],
    [
      0.823984375,
      0.8416406249999999,
      0.8650781249999999,
      0.867265625,
      0.8980468750000001,
      0.9566406249999999
    ]
  ],
  "per_task_forget": [
    [
      0.0
    ],
    [
      0.022109374999999987,
      0.0
    ],
    [
      0.04718750000000005,
      0.03132812500000004,
      0.0
    ],
    [
      0.06320312499999992,
      0.07953125000000005,
      0.04945312499999999,
      0.0
    ],
    [
      0.07703125,
      0.0692187500000001,
      0.07382812500000013,
      0.06609374999999995,
      0.0
    ],
    [
      0.158828125,
      0.13195312500000012,
      0.0982812500000001,
      0.08914062499999997,
      0.05976562499999982,
      0.0
    ]
  ],
  "emergence_results": null
}