{
  "final_accuracy": 0.24740885416666666,
  "forgetting_rate": 0.793828125,
  "all_accuracies": [
    0.48265625,
    0.70046875,
    0.76328125,
    0.7815625,
    0.81203125,
    0.842890625,
    0.85859375,
    0.8784375,
    0.89765625,
    0.89984375,
    0.5527734375,
    0.5484375,
    0.588046875,
    0.6097265625,
    0.62375,
    0.6290234375,
    0.6386328125,
    0.6258984375,
    0.647421875,
    0.649453125,
    0.4765625,
    0.45875,
    0.49755208333333334,
    0.469609375,
    0.4761458333333333,
    0.48,
    0.4748177083333333,
    0.4841666666666667,
    0.4862239583333333,
    0.492578125,
    0.3618359375,
    0.4312109375,
    0.38033203125,
    0.4301171875,
    0.3856640625,
    0.39427734375,
    0.39228515625,
    0.3790625,
    0.3890234375,
    0.3822265625,
    0.449453125,
    0.361546875,
    0.342078125,
    0.35390625,
    0.348046875,
    0.356578125,
    0.356765625,
    0.357875,
    0.358765625,
    0.35978125,
    0.25388020833333336,
    0.2595442708333333,
    0.23666666666666666,
    0.22794270833333333,
    0.23061197916666668,
    0.23907552083333333,
    0.23634114583333332,
    0.24236979166666667,
    0.24194010416666667,
    0.24740885416666666
  ],
  "all_forgetting": [
    0.52859375,
    0.6161328125000001,
    0.7003906249999999,
    0.68162109375,
    0.793828125
  ],
  "per_task_acc": [
    [
      0.8998437499999999
    ],
    [
      0.4153125,
      0.88359375
    ],
    [
      0.110078125,
      0.49187500000000006,
      0.8757812500000001
    ],
    [
      0.006562500000000001,
      0.106640625,
      0.5275000000000001,
      0.888203125
    ],
    [
      0.002421875,
      0.05703125,
      0.322265625,
      0.535,
      0.8821874999999999
    ],
    [
      0.0,
      0.08984375,
      0.16718749999999996,
      0.067890625,
      0.23320312499999998,
      0.926328125
    ]
  ],
  "per_task_forget": [
    [
      0.0
    ],
    [
      0.48453124999999997,
      0.0
    ],
    [
      0.7897656249999999,
      0.3917187499999999,
      0.0
    ],
    [
      0.8932812499999999,
      0.7769531249999999,
      0.34828125,
      0.0
    ],
    [
      0.8974218749999999,
      0.8265625,
      0.5535156250000001,
      0.35320312499999995,
      0.0
    ],
    [
      0.8998437499999999,
      0.79375,
      0.7085937500000001,
      0.8203125,
      0.648984375,
      0.0
    ]
  ],
  "emergence_results": null
}