{
  "final_accuracy": 0.09832,
  "forgetting_rate": 0.1787111111111111,
  "all_accuracies": [
    0.1145,
    0.1234,
    0.121,
    0.1121,
    0.1269,
    0.1275,
    0.1224,
    0.1011,
    0.1126,
    0.1125,
    0.07265,
    0.11395,
    0.09055,
    0.13855,
    0.10515,
    0.1334,
    0.12435,
    0.13795,
    0.1287,
    0.1434,
    0.06093333333333333,
    0.08826666666666666,
    0.06706666666666666,
    0.0868,
    0.0721,
    0.09643333333333333,
    0.08496666666666666,
    0.0984,
    0.09353333333333333,
    0.07833333333333334,
    0.0847,
    0.1021,
    0.074325,
    0.112775,
    0.0761,
    0.0881,
    0.085625,
    0.091525,
    0.081125,
    0.108125,
    0.05698,
    0.06668,
    0.09094,
    0.08714,
    0.08654,
    0.08648,
    0.07962,
    0.09164,
    0.06974,
    0.10324,
    0.07058333333333333,
    0.12405,
    0.0684,
    0.09916666666666667,
    0.10431666666666667,
    0.11273333333333334,
    0.10598333333333333,
    0.07888333333333333,
    0.09741666666666667,
    0.06705,
    0.0531,
    0.11192857142857143,
    0.06274285714285714,
    0.09684285714285715,
    0.07838571428571428,
    0.08121428571428571,
    0.10364285714285715,
    0.062,
    0.09462857142857142,
    0.06572857142857143,
    0.0671875,
    0.110675,
    0.072975,
    0.1082875,
    0.10725,
    0.1044375,
    0.1001625,
    0.1015625,
    0.0947,
    0.1125375,
    0.04402222222222222,
    0.0575,
    0.09893333333333333,
    0.07876666666666667,
    0.08321111111111111,
    0.06486666666666667,
    0.07594444444444444,
    0.06406666666666666,
    0.08801111111111111,
    0.05772222222222222,
    0.0675,
    0.07272,
    0.12304,
    0.1205,
    0.13957,
    0.09502,
    0.12838,
    0.10152,
    0.12242,
    0.09832
  ],
  "all_forgetting": [
    0.0576,
    0.14584999999999998,
    0.12156666666666667,
    0.14217500000000002,
    0.18878000000000003,
    0.18821666666666662,
    0.1565428571428571,
    0.2143875,
    0.1787111111111111
  ],
  "per_task_acc": [
    [
      0.1125
    ],
    [
      0.0736,
      0.2132
    ],
    [
      0.026000000000000002,
      0.028000000000000004,
      0.181
    ],
    [
      0.0649,
      0.073,
      0.032100000000000004,
      0.2625
    ],
    [
      0.0349,
      0.1137,
      0.0323,
      0.0495,
      0.2858
    ],
    [
      0.0201,
      0.029200000000000004,
      0.026600000000000002,
      0.030800000000000004,
      0.0381,
      0.25749999999999995
    ],
    [
      0.0381,
      0.013300000000000001,
      0.04750000000000001,
      0.027899999999999998,
      0.03200000000000001,
      0.058399999999999994,
      0.24289999999999998
    ],
    [
      0.0645,
      0.059,
      0.0578,
      0.058399999999999994,
      0.0911,
      0.11880000000000002,
      0.0948,
      0.3559
    ],
    [
      0.005,
      0.0489,
      0.034699999999999995,
      0.028300000000000002,
      0.041499999999999995,
      0.0322,
      0.04980000000000001,
      0.0427,
      0.23639999999999994
    ],
    [
      0.0523,
      0.05329999999999999,
      0.0679,
      0.08230000000000001,
      0.06930000000000001,
      0.06760000000000001,
      0.0965,
      0.0625,
      0.1106,
      0.3209000000000001
    ]
  ],
  "per_task_forget": [
    [
      0.0
    ],
    [
      0.038900000000000004,
      0.0
    ],
    [
      0.0865,
      0.1852,
      0.0
    ],
    [
      0.0476,
      0.1402,
      0.14889999999999998,
      0.0
    ],
    [
      0.0776,
      0.0995,
      0.1487,
      0.21300000000000002,
      0.0
    ],
    [
      0.09240000000000001,
      0.184,
      0.15439999999999998,
      0.23170000000000002,
      0.2477,
      0.0
    ],
    [
      0.0744,
      0.1999,
      0.13349999999999998,
      0.2346,
      0.25379999999999997,
      0.19909999999999994,
      0.0
    ],
    [
      0.048,
      0.1542,
      0.1232,
      0.2041,
      0.19469999999999998,
      0.13869999999999993,
      0.14809999999999998,
      0.0
    ],
    [
      0.1075,
      0.1643,
      0.14629999999999999,
      0.23420000000000002,
      0.24430000000000002,
      0.22529999999999994,
      0.19309999999999997,
      0.3132,
      0.0
    ],
    [
      0.060200000000000004,
      0.15990000000000001,
      0.11309999999999999,
      0.1802,
      0.21649999999999997,
      0.18989999999999996,
      0.14639999999999997,
      0.2934,
      0.12579999999999994,
      0.0
    ]
  ],
  "emergence_results": null
}