{
  "final_accuracy": 0.01002,
  "forgetting_rate": 0.04111111111111113,
  "all_accuracies": [
    0.0038,
    0.013,
    0.005,
    0.001,
    0.0092,
    0.0282,
    0.0421,
    0.04,
    0.04,
    0.04,
    0.02,
    0.025,
    0.025,
    0.025,
    0.03,
    0.03,
    0.035,
    0.0316,
    0.04075,
    0.04,
    0.02666666666666667,
    0.02666666666666667,
    0.02666666666666667,
    0.02666666666666667,
    0.02666666666666667,
    0.02666666666666667,
    0.02666666666666667,
    0.02666666666666667,
    0.02666666666666667,
    0.02666666666666667,
    0.02,
    0.02,
    0.02,
    0.02015,
    0.0225,
    0.0225,
    0.022525,
    0.0225,
    0.02,
    0.02,
    0.018,
    0.018,
    0.018,
    0.018,
    0.01808,
    0.0195,
    0.018,
    0.0181,
    0.018,
    0.018,
    0.016666666666666666,
    0.016666666666666666,
    0.016666666666666666,
    0.016666666666666666,
    0.016666666666666666,
    0.016666666666666666,
    0.016666666666666666,
    0.015,
    0.015,
    0.015,
    0.01302857142857143,
    0.012857142857142857,
    0.012857142857142857,
    0.014285714285714285,
    0.012857142857142857,
    0.012857142857142857,
    0.012857142857142857,
    0.011428571428571429,
    0.011428571428571429,
    0.011428571428571429,
    0.0125,
    0.0124625,
    0.0125,
    0.0125,
    0.0125,
    0.0125,
    0.0125375,
    0.0125,
    0.0125,
    0.0125,
    0.011111111111111112,
    0.011111111111111112,
    0.010988888888888888,
    0.011111111111111112,
    0.0111,
    0.011111111111111112,
    0.011111111111111112,
    0.011111111111111112,
    0.011111111111111112,
    0.011111111111111112,
    0.01,
    0.01,
    0.00988,
    0.00994,
    0.00992,
    0.01,
    0.00997,
    0.00989,
    0.00975,
    0.01002
  ],
  "all_forgetting": [
    0.04,
    0.02,
    0.03333333333333333,
    0.03,
    0.03200000000000001,
    0.03500000000000001,
    0.035714285714285726,
    0.03625000000000002,
    0.04111111111111113
  ],
  "per_task_acc": [
    [
      0.04
    ],
    [
      0.02,
      0.06
    ],
    [
      0.02,
      0.06,
      0.0
    ],
    [
      0.0,
      0.030000000000000006,
      0.030000000000000006,
      0.02
    ],
    [
      0.01,
      0.04,
      0.0,
      0.030000000000000006,
      0.01
    ],
    [
      0.01,
      0.01,
      0.01,
      0.02,
      0.04,
      0.0
    ],
    [
      0.0,
      0.01,
      0.01,
      0.0,
      0.030000000000000006,
      0.01,
      0.02
    ],
    [
      0.0,
      0.0,
      0.02,
      0.030000000000000006,
      0.01,
      0.01,
      0.02,
      0.01
    ],
    [
      0.0,
      0.0,
      0.0,
      0.030000000000000006,
      0.0,
      0.04,
      0.02,
      0.01,
      0.0
    ],
    [
      0.0,
      0.0098,
      0.01,
      0.0,
      0.0,
      0.01,
      0.02,
      0.01,
      0.030000000000000006,
      0.010400000000000001
    ]
  ],
  "per_task_forget": [
    [
      0.0
    ],
    [
      0.02,
      0.0
    ],
    [
      0.02,
      0.0,
      0.0
    ],
    [
      0.04,
      0.029999999999999992,
      0.0,
      0.0
    ],
    [
      0.03,
      0.019999999999999997,
      0.030000000000000006,
      0.0,
      0.0
    ],
    [
      0.03,
      0.049999999999999996,
      0.020000000000000004,
      0.010000000000000005,
      0.0,
      0.0
    ],
    [
      0.04,
      0.049999999999999996,
      0.020000000000000004,
      0.030000000000000006,
      0.009999999999999995,
      0.0,
      0.0
    ],
    [
      0.04,
      0.06,
      0.010000000000000005,
      0.0,
      0.03,
      0.0,
      0.0,
      0.0
    ],
    [
      0.04,
      0.06,
      0.030000000000000006,
      0.0,
      0.04,
      0.0,
      0.0,
      0.0,
      0.0
    ],
    [
      0.04,
      0.050199999999999995,
      0.020000000000000004,
      0.030000000000000006,
      0.04,
      0.03,
      0.0,
      0.0,
      0.0,
      0.0
    ]
  ],
  "emergence_results": null
}