{
  "final_accuracy": 0.8824869791666666,
  "forgetting_rate": 0.094859375,
  "all_accuracies": [
    0.948359375,
    0.96,
    0.971328125,
    0.975703125,
    0.9790625,
    0.980859375,
    0.983125,
    0.983203125,
    0.984453125,
    0.98640625,
    0.9530078125,
    0.960859375,
    0.9631640625,
    0.962578125,
    0.963046875,
    0.9623828125,
    0.964453125,
    0.9628125,
    0.9650390625,
    0.96453125,
    0.9438541666666667,
    0.9484635416666667,
    0.9501041666666666,
    0.950625,
    0.9474479166666666,
    0.9509114583333333,
    0.9479166666666666,
    0.9508072916666667,
    0.9481510416666666,
    0.9494791666666667,
    0.9219140625,
    0.92533203125,
    0.92564453125,
    0.9259375,
    0.9262890625,
    0.9257421875,
    0.92384765625,
    0.9229296875,
    0.92537109375,
    0.92349609375,
    0.91334375,
    0.915609375,
    0.916578125,
    0.917890625,
    0.9155625,
    0.917203125,
    0.915796875,
    0.915765625,
    0.916390625,
    0.916625,
    0.8822916666666667,
    0.884453125,
    0.8852213541666667,
    0.8855989583333334,
    0.8826041666666666,
    0.8848697916666667,
    0.8839322916666666,
    0.8835416666666667,
    0.8803776041666667,
    0.8824869791666666
  ],
  "all_forgetting": [
    0.02351562500000004,
    0.031914062500000014,
    0.05523437500000001,
    0.058476562499999975,
    0.094859375
  ],
  "per_task_acc": [
    [
      0.9864062499999999
    ],
    [
      0.962890625,
      0.966171875
    ],
    [
      0.94796875,
      0.9407812499999998,
      0.9596875
    ],
    [
      0.93453125,
      0.9025781249999999,
      0.909453125,
      0.947421875
    ],
    [
      0.9122656250000001,
      0.906328125,
      0.901640625,
      0.905546875,
      0.9573437499999999
    ],
    [
      0.8307031250000001,
      0.852265625,
      0.8812500000000001,
      0.88,
      0.8985156249999999,
      0.9521875
    ]
  ],
  "per_task_forget": [
    [
      0.0
    ],
    [
      0.02351562499999993,
      0.0
    ],
    [
      0.0384374999999999,
      0.025390625000000222,
      0.0
    ],
    [
      0.05187499999999989,
      0.06359375000000012,
      0.05023437500000005,
      0.0
    ],
    [
      0.07414062499999985,
      0.05984374999999997,
      0.05804687500000005,
      0.041874999999999996,
      0.0
    ],
    [
      0.15570312499999983,
      0.11390624999999999,
      0.07843749999999994,
      0.06742187499999996,
      0.05882812500000001,
      0.0
    ]
  ],
  "emergence_results": null
}