{
  "final_accuracy": 0.20821614583333334,
  "forgetting_rate": 0.7999062499999998,
  "all_accuracies": [
    0.48265625,
    0.621953125,
    0.717578125,
    0.6715625,
    0.6725,
    0.662265625,
    0.7840625,
    0.848125,
    0.833671875,
    0.846328125,
    0.356328125,
    0.50703125,
    0.495625,
    0.5581640625,
    0.537421875,
    0.568984375,
    0.4931640625,
    0.5957421875,
    0.5280078125,
    0.6050390625,
    0.18020833333333333,
    0.362578125,
    0.3096614583333333,
    0.33171875,
    0.40216145833333333,
    0.42669270833333334,
    0.4077864583333333,
    0.4875260416666667,
    0.44190104166666666,
    0.42268229166666665,
    0.19775390625,
    0.38849609375,
    0.24556640625,
    0.32732421875,
    0.32728515625,
    0.35798828125,
    0.30693359375,
    0.40529296875,
    0.33798828125,
    0.36083984375,
    0.297953125,
    0.354078125,
    0.416,
    0.35309375,
    0.3508125,
    0.36925,
    0.341203125,
    0.34928125,
    0.30284375,
    0.3620625,
    0.12192708333333334,
    0.14501302083333334,
    0.20055989583333333,
    0.20549479166666668,
    0.19216145833333334,
    0.21151041666666667,
    0.20053385416666666,
    0.22197916666666667,
    0.20731770833333332,
    0.20821614583333334
  ],
  "all_forgetting": [
    0.50296875,
    0.6488671874999999,
    0.6733072916666667,
    0.64095703125,
    0.7999062499999998
  ],
  "per_task_acc": [
    [
      0.8463281250000001
    ],
    [
      0.3446875,
      0.865390625
    ],
    [
      0.11695312499999999,
      0.309375,
      0.84171875
    ],
    [
      0.04484375,
      0.12023437499999999,
      0.39562499999999995,
      0.88265625
    ],
    [
      0.081015625,
      0.11351562500000001,
      0.255390625,
      0.45304687499999996,
      0.90734375
    ],
    [
      0.0059375,
      0.06671875000000001,
      0.07882812499999999,
      0.03375,
      0.18937500000000002,
      0.8746875000000001
    ]
  ],
  "per_task_forget": [
    [
      0.0
    ],
    [
      0.5016406250000001,
      0.0
    ],
    [
      0.7293750000000001,
      0.5560156249999999,
      0.0
    ],
    [
      0.8014843750000001,
      0.74515625,
      0.44609375,
      0.0
    ],
    [
      0.7653125000000001,
      0.751875,
      0.586328125,
      0.42960937500000007,
      0.0
    ],
    [
      0.8403906250000001,
      0.7986718749999999,
      0.7628906249999999,
      0.84890625,
      0.71796875,
      0.0
    ]
  ],
  "emergence_results": null
}