{
  "final_accuracy": 0.3086848958333333,
  "forgetting_rate": 0.6817187499999999,
  "all_accuracies": [
    0.3125,
    0.70578125,
    0.52328125,
    0.6890625,
    0.4828125,
    0.699296875,
    0.6209375,
    0.771796875,
    0.749140625,
    0.813671875,
    0.4965234375,
    0.5728515625,
    0.487890625,
    0.5234375,
    0.4348046875,
    0.509296875,
    0.5209765625,
    0.5634375,
    0.56375,
    0.580625,
    0.133515625,
    0.2939322916666667,
    0.22013020833333333,
    0.479921875,
    0.2509635416666667,
    0.5228125,
    0.30578125,
    0.5323958333333333,
    0.32598958333333333,
    0.5265104166666666,
    0.24369140625,
    0.4406640625,
    0.26984375,
    0.4812890625,
    0.25787109375,
    0.46666015625,
    0.19904296875,
    0.42115234375,
    0.219140625,
    0.41873046875,
    0.372046875,
    0.411109375,
    0.4083125,
    0.37234375,
    0.31709375,
    0.340515625,
    0.288703125,
    0.35296875,
    0.305296875,
    0.371328125,
    0.0694921875,
    0.25578125,
    0.19651041666666666,
    0.2978125,
    0.24421875,
    0.3098046875,
    0.226796875,
    0.30473958333333334,
    0.23235677083333334,
    0.3086848958333333
  ],
  "all_forgetting": [
    0.525859375,
    0.4671875,
    0.593828125,
    0.5981249999999999,
    0.6817187499999999
  ],
  "per_task_acc": [
    [
      0.8136718749999999
    ],
    [
      0.38398437499999993,
      0.7772656250000001
    ],
    [
      0.20906249999999998,
      0.6050000000000001,
      0.7654687499999999
    ],
    [
      0.05296875,
      0.21351562500000001,
      0.58765625,
      0.82078125
    ],
    [
      0.011718749999999998,
      0.09210937500000001,
      0.40414062500000003,
      0.6208593749999999,
      0.7278125
    ],
    [
      0.028046875000000002,
      0.13093749999999998,
      0.26921875,
      0.18835937500000002,
      0.305625,
      0.929921875
    ]
  ],
  "per_task_forget": [
    [
      0.0
    ],
    [
      0.4296875,
      0.0
    ],
    [
      0.6046093749999999,
      0.17226562499999998,
      0.0
    ],
    [
      0.7607031249999999,
      0.5637500000000001,
      0.17781249999999993,
      0.0
    ],
    [
      0.8019531249999999,
      0.68515625,
      0.3613281249999999,
      0.19992187500000014,
      0.0
    ],
    [
      0.7856249999999999,
      0.6463281250000001,
      0.4962499999999999,
      0.632421875,
      0.4221875,
      0.0
    ]
  ],
  "emergence_results": null
}